order_id,user_id,order_date,order_value,order_status
11918,389,2023-01-01T10:10:18Z,64.02,completed
10046,9053,2023-01-01T10:45:10Z,58.47,completed
10555,712,2023-01-01T13:42:00Z,21.42,completed
10022,9030,2023-01-01T21:42:17Z,51.08,completed
11678,438,2023-01-02T20:47:15Z,18.0,completed
12497,67,2023-01-03T09:50:56Z,34.86,completed
10041,9024,2023-01-04T08:45:00Z,90.82,completed
10017,9265,2023-01-05T08:07:09Z,42.21,completed
13355,67,2023-01-06T04:53:11Z,45.73,completed
10044,9391,2023-01-06T18:55:48Z,194.67,completed
10025,9273,2023-01-07T10:12:41Z,14.83,completed
10043,9199,2023-01-07T18:06:34Z,38.14,completed
10655,134,2023-01-08T20:19:18Z,121.17,pending
10028,9066,2023-01-08T23:28:39Z,97.02,completed
12381,676,2023-01-09T10:53:05Z,56.34,completed
10016,9480,2023-01-09T11:23:57Z,41.45,completed
11073,384,2023-01-11T16:34:56Z,34.73,completed
10051,9325,2023-01-11T17:58:26Z,24.22,completed
10201,125,2023-01-12T10:31:09Z,49.48,completed
12307,777,2023-01-12T13:45:40Z,68.29,completed
11509,14,2023-01-12T15:03:39Z,74.5,completed
11398,808,2023-01-12T19:19:46Z,140.75,completed
10014,9455,2023-01-13T02:25:54Z,76.56,completed
12879,945,2023-01-13T11:37:09Z,81.0,completed
10049,9072,2023-01-13T14:30:50Z,26.93,pending
10013,9239,2023-01-14T08:51:57Z,102.07,completed
10033,9474,2023-01-14T10:01:48Z,102.07,completed
12115,289,2023-01-14T16:36:14Z,77.89,cancelled
10018,9341,2023-01-14T17:52:23Z,56.61,completed
11282,777,2023-01-14T21:17:33Z,32.96,completed
11633,945,2023-01-15T05:51:03Z,30.99,pending
11001,840,2023-01-15T15:29:01Z,48.33,completed
12373,393,2023-01-15T16:34:03Z,30.81,completed
12373,393,2023-01-15T16:34:03Z,30.81,pending
10566,252,2023-01-15T21:37:20Z,34.27,completed
10002,9309,2023-01-16T10:44:50Z,31.56,completed
10015,9173,2023-01-17T10:42:12Z,61.31,completed
12025,66,2023-01-17T14:36:50Z,77.49,completed
10592,945,2023-01-17T20:02:36Z,37.57,pending
10492,676,2023-01-18T12:08:36Z,99.44,completed
11738,554,2023-01-18T12:38:31Z,60.08,completed
13329,331,2023-01-18T13:46:00Z,22.12,completed
10516,877,2023-01-18T15:36:39Z,28.05,completed
10445,327,2023-01-18T16:05:14Z,40.28,returned
10050,9292,2023-01-18T17:00:20Z,28.52,returned
13071,14,2023-01-19T08:39:30Z,73.16,completed
10700,947,2023-01-19T10:34:25Z,28.97,completed
10618,331,2023-01-19T11:10:55Z,66.4,completed
13337,429,2023-01-19T16:42:21Z,25.68,completed
11379,67,2023-01-19T17:07:06Z,21.55,completed
10005,9452,2023-01-19T18:14:27Z,28.36,completed
10497,326,2023-01-20T07:16:25Z,57.92,completed
12014,729,2023-01-20T12:40:32Z,176.1,completed
12045,759,2023-01-20T18:42:12Z,36.02,completed
12941,331,2023-01-20T18:45:27Z,34.28,completed
10778,799,2023-01-20T19:06:53Z,22.14,completed
13078,596,2023-01-21T12:06:32Z,29.89,completed
12952,662,2023-01-21T16:01:24Z,15.73,completed
12249,517,2023-01-21T20:13:29Z,66.26,completed
11054,603,2023-01-22T08:00:46Z,54.18,completed
10186,74,2023-01-22T08:23:47Z,64.01,completed
12103,383,2023-01-22T09:09:18Z,47.4,completed
11625,546,2023-01-22T10:04:30Z,50.22,completed
13441,331,2023-01-22T10:35:02Z,27.83,completed
10030,9050,2023-01-22T10:46:52Z,42.09,completed
11322,392,2023-01-22T17:22:13Z,56.42,completed
10911,553,2023-01-22T17:25:05Z,35.63,pending
10450,462,2023-01-22T19:39:00Z,79.34,completed
12560,881,2023-01-22T19:46:00Z,69.45,completed
11223,66,2023-01-22T19:55:32Z,77.84,completed
13182,70,2023-01-23T06:52:58Z,64.62,completed
12433,462,2023-01-23T11:17:27Z,79.88,completed
13386,530,2023-01-24T08:54:08Z,141.75,completed
13459,392,2023-01-24T11:07:30Z,37.78,completed
12029,422,2023-01-24T15:40:23Z,21.83,completed
13098,676,2023-01-24T19:32:31Z,60.61,completed
11602,887,2023-01-24T20:17:21Z,63.02,cancelled
10851,14,2023-01-25T09:27:59Z,22.61,cancelled
12332,554,2023-01-25T10:33:02Z,40.22,completed
10131,840,2023-01-25T11:16:58Z,74.86,completed
11187,99,2023-01-25T13:59:42Z,31.6,completed
11740,677,2023-01-25T15:22:12Z,61.74,pending
11410,303,2023-01-25T18:45:51Z,84.54,completed
10006,9049,2023-01-26T03:45:23Z,17.45,completed
11491,540,2023-01-26T04:39:04Z,43.14,completed
13108,540,2023-01-26T08:41:04Z,68.77,completed
12979,662,2023-01-26T09:39:48Z,51.86,completed
11629,596,2023-01-26T14:07:26Z,30.06,completed
10100,617,2023-01-26T14:07:34Z,38.96,pending
12371,289,2023-01-26T17:18:34Z,62.81,completed
10117,163,2023-01-27T08:23:02Z,54.75,pending
13180,877,2023-01-27T15:57:33Z,56.39,completed
12354,719,2023-01-27T19:31:01Z,34.21,completed
10275,465,2023-01-27T19:58:14Z,40.93,completed
11494,277,2023-01-27T23:12:38Z,14.52,completed
10323,422,2023-01-28T09:38:50Z,65.38,completed
10878,517,2023-01-28T18:36:25Z,88.52,completed
10907,808,2023-01-29T01:59:36Z,39.48,completed
13188,217,2023-01-29T06:15:25Z,19.81,completed
12228,595,2023-01-29T07:15:18Z,91.25,cancelled
11657,255,2023-01-29T09:16:29Z,167.39,pending
10419,945,2023-01-29T11:22:08Z,44.18,completed
12414,455,2023-01-29T15:27:51Z,50.03,completed
11510,21,2023-01-29T16:10:56Z,35.66,completed
12521,687,2023-01-29T19:55:17Z,91.95,completed
11039,649,2023-01-30T10:26:38Z,63.58,completed
12831,596,2023-01-30T18:55:04Z,141.8,completed
13342,676,2023-01-30T19:28:30Z,200.07,returned
13118,289,2023-01-30T22:42:50Z,69.42,completed
13440,774,2023-01-31T07:42:36Z,48.57,completed
10362,564,2023-01-31T13:16:28Z,34.72,completed
12236,596,2023-01-31T14:13:14Z,46.23,pending
12296,853,2023-01-31T18:11:47Z,45.19,completed
10435,640,2023-02-01T00:39:31Z,79.51,completed
11036,556,2023-02-01T09:10:47Z,113.92,completed
12122,563,2023-02-01T15:48:20Z,80.34,completed
12058,603,2023-02-01T21:07:40Z,151.07,completed
11254,602,2023-02-01T21:50:51Z,83.85,completed
12098,739,2023-02-02T06:41:54Z,32.09,completed
10045,9491,2023-02-02T12:11:58Z,75.23,pending
11416,94,2023-02-02T12:30:19Z,118.68,completed
12680,629,2023-02-02T21:06:44Z,35.71,completed
11349,430,2023-02-03T10:07:29Z,123.86,completed
10004,9033,2023-02-03T11:07:41Z,154.58,completed
13029,864,2023-02-03T11:32:33Z,53.67,pending
10486,579,2023-02-03T11:47:08Z,171.97,completed
13448,649,2023-02-03T13:00:25Z,60.41,cancelled
12559,150,2023-02-03T14:38:36Z,39.61,completed
12611,546,2023-02-03T16:36:00Z,100.43,completed
12397,252,2023-02-03T19:06:38Z,49.08,completed
11687,953,2023-02-03T21:56:36Z,55.76,completed
11285,596,2023-02-04T07:09:15Z,60.32,completed
10692,440,2023-02-04T08:48:47Z,33.63,completed
11671,455,2023-02-04T08:55:39Z,30.93,completed
10039,9373,2023-02-04T12:52:46Z,26.38,pending
11568,255,2023-02-04T15:12:58Z,83.98,completed
12839,840,2023-02-04T21:33:26Z,36.69,completed
10152,280,2023-02-05T03:38:28Z,72.99,completed
11811,602,2023-02-05T05:59:07Z,28.61,completed
11325,6,2023-02-05T06:39:59Z,71.66,completed
11204,311,2023-02-05T08:35:18Z,54.58,returned
10097,853,2023-02-05T10:30:20Z,112.69,cancelled
12940,842,2023-02-05T13:13:13Z,45.3,pending
11873,629,2023-02-05T15:10:56Z,16.27,completed
10223,623,2023-02-05T20:17:51Z,94.79,completed
13429,640,2023-02-05T20:36:06Z,35.2,completed
13136,853,2023-02-05T21:53:31Z,10.76,completed
12190,953,2023-02-06T05:14:54Z,26.25,completed
11802,327,2023-02-06T08:22:56Z,44.36,completed
11803,204,2023-02-06T08:37:43Z,181.5,completed
11683,403,2023-02-06T08:54:43Z,35.7,completed
12250,74,2023-02-06T11:49:33Z,24.87,completed
10604,548,2023-02-06T13:04:29Z,70.21,completed
11932,294,2023-02-06T14:09:26Z,163.48,completed
12151,807,2023-02-06T14:40:39Z,135.75,completed
13430,442,2023-02-06T16:22:58Z,55.42,completed
10232,383,2023-02-06T20:50:34Z,43.33,pending
10012,9180,2023-02-07T09:43:52Z,42.67,completed
10905,881,2023-02-07T12:33:23Z,54.12,completed
11995,881,2023-02-07T13:12:36Z,75.01,completed
12731,556,2023-02-07T19:42:45Z,120.02,completed
13163,495,2023-02-07T21:51:24Z,68.17,completed
11412,548,2023-02-07T23:02:00Z,160.41,pending
11880,255,2023-02-08T11:31:29Z,51.18,completed
11390,596,2023-02-08T13:27:28Z,50.68,completed
13437,184,2023-02-08T14:07:00Z,108.36,completed
13215,441,2023-02-08T14:38:22Z,40.41,completed
13361,748,2023-02-08T15:39:25Z,37.12,completed
10694,724,2023-02-08T20:19:42Z,53.62,completed
10647,953,2023-02-08T20:29:43Z,61.05,completed
10347,357,2023-02-08T20:46:26Z,26.06,completed
10024,9076,2023-02-08T22:06:16Z,24.77,completed
12429,74,2023-02-08T22:24:53Z,43.23,completed
11196,59,2023-02-09T07:17:06Z,84.61,completed
12475,357,2023-02-09T11:52:27Z,51.33,completed
10390,392,2023-02-09T13:27:39Z,53.52,completed
10222,398,2023-02-09T16:23:03Z,107.55,completed
13067,169,2023-02-09T16:33:21Z,135.19,pending
12460,331,2023-02-09T20:46:18Z,25.68,completed
12028,331,2023-02-10T06:39:07Z,61.58,completed
13296,759,2023-02-10T07:05:46Z,-22.28,completed
12416,277,2023-02-10T12:57:36Z,29.63,completed
11837,169,2023-02-10T18:46:11Z,19.41,completed
10646,350,2023-02-11T13:00:12Z,27.23,completed
12279,86,2023-02-11T14:12:13Z,104.58,completed
12602,311,2023-02-11T14:20:32Z,44.78,completed
11795,118,2023-02-11T16:49:35Z,71.83,completed
11724,139,2023-02-11T17:09:02Z,94.19,completed
11454,540,2023-02-11T17:09:16Z,56.39,pending
10977,864,2023-02-11T17:21:58Z,36.42,cancelled
11356,548,2023-02-11T18:03:31Z,15.79,completed
12615,381,2023-02-12T02:11:29Z,74.34,completed
12601,563,2023-02-12T05:42:00Z,29.36,pending
10712,389,2023-02-12T21:14:13Z,59.76,completed
12728,55,2023-02-13T06:03:42Z,45.39,completed
12889,217,2023-02-13T08:50:15Z,36.11,completed
10170,184,2023-02-13T11:09:38Z,54.55,pending
10724,477,2023-02-13T13:11:30Z,10.18,completed
11297,807,2023-02-13T15:41:29Z,247.87,completed
10468,546,2023-02-14T15:04:31Z,70.81,completed
10102,579,2023-02-15T06:23:34Z,67.95,completed
11477,748,2023-02-15T14:25:20Z,127.71,completed
12701,680,2023-02-15T16:14:24Z,98.86,returned
10920,66,2023-02-15T17:14:55Z,79.56,completed
12048,930,2023-02-15T17:22:48Z,55.94,cancelled
11719,64,2023-02-15T20:17:14Z,47.25,completed
12390,255,2023-02-15T22:07:55Z,19.74,completed
10034,9160,2023-02-16T04:57:24Z,21.35,completed
11291,204,2023-02-16T08:23:54Z,92.73,completed
12135,86,2023-02-16T10:37:01Z,46.98,completed
12925,743,2023-02-16T20:05:19Z,85.34,cancelled
13024,671,2023-02-17T07:02:39Z,36.99,completed
13142,916,2023-02-17T10:33:13Z,66.09,completed
10063,606,2023-02-17T11:18:23Z,72.38,completed
11722,599,2023-02-17T17:19:42Z,30.69,completed
11148,464,2023-02-17T17:51:53Z,34.16,completed
10814,881,2023-02-17T18:46:24Z,120.24,completed
10981,125,2023-02-18T09:10:48Z,73.4,completed
10003,9395,2023-02-18T09:50:20Z,15.07,completed
10910,38,2023-02-18T10:42:29Z,45.51,completed
13263,379,2023-02-18T12:05:32Z,51.19,completed
11929,877,2023-02-18T17:17:54Z,86.87,completed
11435,671,2023-02-18T17:36:06Z,54.54,completed
13172,478,2023-02-19T06:38:53Z,97.31,completed
10019,9235,2023-02-19T11:43:19Z,75.06,completed
10689,321,2023-02-19T13:07:43Z,226.89,completed
10092,455,2023-02-19T14:35:06Z,168.04,completed
13236,301,2023-02-19T15:29:34Z,20.08,completed
11545,564,2023-02-19T15:43:56Z,57.64,completed
10847,94,2023-02-19T17:51:57Z,41.93,completed
11275,86,2023-02-19T19:43:07Z,100.06,completed
12639,379,2023-02-19T21:11:14Z,58.03,completed
10154,640,2023-02-20T02:48:32Z,73.69,completed
10154,640,2023-02-20T02:50:44Z,73.69,completed
11456,590,2023-02-20T12:48:56Z,75.75,completed
11484,277,2023-02-20T13:12:50Z,13.05,pending
12350,955,2023-02-20T16:20:55Z,37.76,completed
12768,6,2023-02-20T19:52:12Z,10.0,completed
12753,392,2023-02-21T11:44:33Z,49.14,completed
12596,918,2023-02-21T13:13:24Z,39.06,completed
10048,9027,2023-02-21T19:07:38Z,26.43,completed
10735,55,2023-02-22T07:00:31Z,97.04,completed
12882,441,2023-02-22T11:35:43Z,81.96,completed
13156,590,2023-02-22T15:18:58Z,37.29,completed
12334,172,2023-02-22T16:32:28Z,57.87,completed
12087,46,2023-02-22T17:06:05Z,50.64,pending
10253,574,2023-02-22T17:20:26Z,100.99,completed
12324,677,2023-02-22T17:21:40Z,38.06,completed
11413,301,2023-02-22T17:28:24Z,40.27,completed
11954,688,2023-02-22T18:52:29Z,46.07,pending
11749,38,2023-02-22T20:24:42Z,91.02,completed
12535,864,2023-02-23T09:15:02Z,180.95,pending
11363,554,2023-02-23T12:44:07Z,70.37,completed
12544,99,2023-02-23T12:50:06Z,30.19,returned
10796,877,2023-02-23T13:37:02Z,54.09,completed
12516,465,2023-02-23T13:37:08Z,95.77,completed
12498,301,2023-02-23T15:48:58Z,42.17,pending
12230,590,2023-02-23T18:38:54Z,68.03,pending
10204,422,2023-02-23T21:16:03Z,44.43,completed
10645,403,2023-02-23T21:41:23Z,47.8,completed
12660,606,2023-02-24T11:12:35Z,62.27,completed
12565,301,2023-02-24T11:33:24Z,44.98,completed
13344,384,2023-02-24T12:24:55Z,77.11,completed
11514,837,2023-02-24T12:46:47Z,68.64,completed
10561,46,2023-02-24T12:50:00Z,101.26,completed
13334,478,2023-02-24T13:33:48Z,97.27,completed
10569,807,2023-02-24T16:30:25Z,39.72,completed
11676,617,2023-02-24T17:06:55Z,36.97,completed
12170,462,2023-02-24T17:22:55Z,65.31,completed
12921,217,2023-02-24T20:42:35Z,60.77,completed
12994,780,2023-02-25T05:22:38Z,54.68,cancelled
10984,360,2023-02-25T07:41:51Z,50.03,completed
13285,560,2023-02-25T10:05:09Z,31.01,completed
11927,360,2023-02-25T10:36:21Z,87.28,completed
13112,321,2023-02-25T12:07:28Z,93.67,completed
11303,189,2023-02-25T13:11:56Z,76.0,completed
10768,739,2023-02-25T14:33:09Z,32.31,completed
13288,373,2023-02-25T14:56:09Z,70.48,completed
10297,344,2023-02-25T15:00:45Z,26.18,pending
10274,314,2023-02-25T15:08:40Z,41.46,completed
12706,504,2023-02-25T16:00:47Z,58.63,completed
10242,392,2023-02-25T16:26:09Z,73.93,returned
10047,9291,2023-02-25T17:15:35Z,67.34,completed
13357,662,2023-02-25T19:49:33Z,61.74,completed
12778,894,2023-02-25T20:12:44Z,53.28,completed
10997,650,2023-02-26T06:05:48Z,53.89,completed
12866,280,2023-02-26T11:12:45Z,36.56,completed
12242,234,2023-02-26T11:36:59Z,98.25,pending
11367,385,2023-02-26T12:03:15Z,95.44,returned
12192,86,2023-02-26T14:29:09Z,102.33,completed
13414,300,2023-02-26T15:36:20Z,56.84,completed
12082,918,2023-02-26T18:02:56Z,48.1,completed
11374,911,2023-02-26T19:19:48Z,39.7,completed
11323,755,2023-02-26T20:01:04Z,15.56,completed
11699,234,2023-02-26T20:14:12Z,22.47,completed
11979,595,2023-02-26T22:56:52Z,30.67,completed
12421,392,2023-02-27T08:42:25Z,47.2,completed
13062,889,2023-02-27T09:05:16Z,65.37,completed
10300,169,2023-02-27T09:59:08Z,58.11,pending
12658,172,2023-02-27T14:30:41Z,22.87,completed
12342,429,2023-02-27T17:19:30Z,13.64,completed
10830,723,2023-02-27T22:15:54Z,85.94,completed
13209,477,2023-02-27T22:58:37Z,257.23,completed
12884,92,2023-02-28T15:47:07Z,96.52,returned
12169,314,2023-03-01T06:51:18Z,72.22,completed
10706,187,2023-03-01T12:06:03Z,25.38,completed
10146,362,2023-03-01T20:56:11Z,39.7,completed
10537,556,2023-03-02T12:48:38Z,40.42,completed
10162,331,2023-03-02T14:55:02Z,56.14,completed
12932,715,2023-03-02T15:01:48Z,40.35,completed
11175,430,2023-03-02T17:14:59Z,25.18,completed
10638,579,2023-03-02T17:24:12Z,49.78,cancelled
13066,418,2023-03-02T19:23:10Z,42.67,returned
10255,504,2023-03-03T02:00:27Z,55.5,completed
13005,255,2023-03-03T10:21:59Z,22.49,completed
13317,330,2023-03-03T10:37:59Z,207.48,pending
10442,163,2023-03-03T12:45:16Z,15.01,completed
10745,44,2023-03-03T13:36:22Z,146.85,completed
11538,548,2023-03-03T16:03:29Z,72.32,cancelled
10597,430,2023-03-03T21:05:39Z,20.91,completed
11474,640,2023-03-04T02:37:33Z,87.69,completed
10042,9191,2023-03-04T08:30:15Z,185.46,completed
12729,569,2023-03-04T09:39:09Z,55.51,completed
11350,55,2023-03-04T09:54:49Z,64.19,completed
10803,106,2023-03-04T09:55:32Z,94.53,pending
12104,314,2023-03-04T11:10:26Z,24.31,completed
12204,483,2023-03-04T11:51:51Z,224.11,completed
10860,418,2023-03-04T14:56:22Z,47.0,cancelled
13273,602,2023-03-04T18:54:48Z,27.7,completed
11216,280,2023-03-04T19:44:42Z,33.52,completed
13420,853,2023-03-04T21:30:35Z,69.43,returned
11287,755,2023-03-04T22:50:35Z,95.01,completed
11094,483,2023-03-05T06:24:28Z,27.94,completed
11935,807,2023-03-05T09:55:42Z,131.34,completed
11523,894,2023-03-05T10:09:29Z,49.47,completed
12518,217,2023-03-05T10:14:56Z,99.47,completed
11281,14,2023-03-05T12:18:29Z,35.46,pending
10811,344,2023-03-05T20:14:46Z,62.62,completed
11063,887,2023-03-05T20:37:04Z,26.75,completed
12583,145,2023-03-05T22:12:53Z,58.27,completed
10142,517,2023-03-05T22:59:28Z,55.29,completed
13106,216,2023-03-06T13:28:15Z,65.58,completed
12865,418,2023-03-06T15:29:36Z,18.68,completed
12673,666,2023-03-06T16:13:23Z,13.51,completed
12339,752,2023-03-06T19:28:17Z,20.64,completed
13014,650,2023-03-07T09:40:42Z,45.0,completed
12479,209,2023-03-07T10:19:49Z,40.15,completed
10408,360,2023-03-07T14:00:10Z,29.15,completed
10010,9406,2023-03-07T17:59:50Z,386.45,cancelled
11765,303,2023-03-08T07:06:27Z,161.18,completed
12199,68,2023-03-08T08:11:27Z,52.1,pending
12744,808,2023-03-08T15:28:17Z,173.9,completed
11560,797,2023-03-08T15:34:49Z,101.12,cancelled
10789,243,2023-03-08T17:54:32Z,44.85,completed
12853,331,2023-03-08T17:55:31Z,48.65,returned
11797,724,2023-03-08T18:35:36Z,29.58,completed
12558,906,2023-03-08T18:39:08Z,109.84,cancelled
12185,344,2023-03-08T19:25:05Z,68.5,completed
10259,650,2023-03-08T20:02:51Z,69.62,pending
11761,289,2023-03-08T20:25:02Z,65.14,pending
10299,569,2023-03-08T22:22:41Z,28.76,completed
11689,858,2023-03-09T11:25:57Z,116.75,completed
12714,942,2023-03-09T17:37:24Z,42.47,completed
10392,163,2023-03-10T06:30:54Z,48.32,pending
12041,361,2023-03-10T11:02:43Z,32.79,completed
12041,361,2023-03-10T11:02:43Z,0.0,cancelled
12634,679,2023-03-10T12:04:56Z,128.78,completed
11681,554,2023-03-10T15:05:54Z,24.65,completed
11173,714,2023-03-10T16:37:43Z,30.51,completed
11857,740,2023-03-10T16:53:57Z,50.07,completed
11885,1,2023-03-10T17:36:38Z,26.72,completed
13419,504,2023-03-10T18:46:22Z,74.66,completed
11835,139,2023-03-10T20:55:22Z,60.22,completed
10190,872,2023-03-11T04:40:02Z,62.29,completed
12144,714,2023-03-11T10:48:38Z,28.68,completed
10256,574,2023-03-11T11:07:24Z,14.49,completed
11130,274,2023-03-11T11:15:03Z,63.94,completed
10424,398,2023-03-11T15:25:21Z,73.48,completed
11478,398,2023-03-11T19:59:16Z,64.31,completed
10993,105,2023-03-12T08:39:26Z,59.21,cancelled
10021,9225,2023-03-12T10:45:13Z,10.0,returned
13031,484,2023-03-12T12:18:46Z,76.65,completed
12614,145,2023-03-12T16:21:41Z,37.81,completed
10946,1,2023-03-12T17:18:34Z,24.61,completed
13223,126,2023-03-12T17:32:54Z,42.13,completed
13200,252,2023-03-12T18:25:07Z,48.95,completed
10915,955,2023-03-13T05:26:28Z,41.83,completed
11376,786,2023-03-13T06:24:59Z,67.37,returned
10270,953,2023-03-13T13:16:15Z,31.67,completed
11747,402,2023-03-13T14:06:33Z,104.62,completed
12120,596,2023-03-13T15:07:13Z,106.27,completed
13072,18,2023-03-13T15:53:13Z,88.5,completed
10449,300,2023-03-13T17:10:36Z,57.48,completed
13292,105,2023-03-13T19:31:32Z,35.59,completed
12945,217,2023-03-13T20:35:28Z,69.18,completed
13400,491,2023-03-14T09:09:09Z,64.38,pending
10420,794,2023-03-14T13:08:36Z,29.28,completed
12022,800,2023-03-14T15:07:03Z,169.63,completed
12453,331,2023-03-14T17:41:50Z,14.58,completed
13018,321,2023-03-14T20:30:12Z,21.74,completed
11971,139,2023-03-14T20:49:26Z,47.2,completed
11710,90,2023-03-15T05:25:40Z,99.89,completed
10747,794,2023-03-15T14:12:53Z,42.76,cancelled
11820,715,2023-03-15T14:32:43Z,144.97,completed
11867,462,2023-03-15T16:15:10Z,19.35,completed
11535,51,2023-03-15T17:19:40Z,47.23,completed
12181,942,2023-03-15T17:33:25Z,40.36,completed
11862,51,2023-03-15T21:22:31Z,149.74,completed
10613,255,2023-03-16T06:39:36Z,98.49,completed
10257,438,2023-03-16T10:07:31Z,40.71,completed
10834,676,2023-03-16T17:23:33Z,60.65,completed
10423,739,2023-03-16T17:39:44Z,65.12,completed
11691,556,2023-03-16T19:06:18Z,70.28,completed
10119,920,2023-03-17T16:30:01Z,197.19,completed
12335,942,2023-03-17T19:03:23Z,51.5,completed
11742,826,2023-03-18T09:00:06Z,26.86,completed
11990,536,2023-03-18T09:54:35Z,37.98,completed
10023,9019,2023-03-18T10:40:07Z,86.85,completed
12494,826,2023-03-18T12:10:19Z,42.79,pending
11336,321,2023-03-18T12:35:24Z,66.19,completed
13162,723,2023-03-18T13:44:36Z,126.8,completed
12727,491,2023-03-18T15:46:17Z,20.93,completed
10008,9093,2023-03-18T17:00:05Z,19.05,completed
12807,477,2023-03-18T17:06:05Z,187.68,pending
10285,301,2023-03-18T18:51:11Z,58.81,completed
12403,70,2023-03-18T23:03:38Z,64.59,completed
11151,842,2023-03-18T23:50:04Z,36.17,completed
11455,156,2023-03-19T08:04:41Z,14.58,pending
10929,472,2023-03-19T11:58:42Z,94.17,completed
12485,379,2023-03-19T13:28:40Z,28.23,completed
10462,949,2023-03-19T14:54:59Z,41.63,completed
12852,715,2023-03-19T15:33:21Z,10.0,completed
13408,51,2023-03-19T18:21:59Z,96.71,completed
11713,455,2023-03-19T20:13:39Z,44.31,completed
12431,679,2023-03-20T07:23:41Z,23.01,returned
12689,217,2023-03-20T12:16:11Z,163.88,pending
12435,331,2023-03-20T16:06:11Z,80.16,completed
10409,623,2023-03-20T16:26:56Z,42.99,completed
12757,344,2023-03-20T20:41:27Z,57.73,completed
12757,344,2023-03-20T20:41:27Z,51.96,completed
12040,169,2023-03-20T20:58:23Z,54.07,completed
12047,491,2023-03-21T13:16:38Z,43.4,completed
12047,491,2023-03-21T13:17:43Z,43.4,completed
11643,822,2023-03-21T13:45:34Z,138.12,completed
13081,55,2023-03-21T14:59:28Z,118.59,returned
11942,383,2023-03-21T20:58:03Z,100.43,completed
11037,184,2023-03-21T21:36:03Z,96.4,completed
10578,125,2023-03-22T08:24:27Z,65.74,completed
12552,639,2023-03-22T12:02:34Z,23.76,completed
12936,739,2023-03-22T12:13:47Z,23.04,completed
11698,872,2023-03-22T13:50:37Z,40.25,completed
13351,629,2023-03-22T15:19:54Z,64.34,completed
11399,472,2023-03-22T15:23:11Z,121.12,completed
11302,632,2023-03-22T16:19:31Z,46.76,completed
12816,569,2023-03-23T07:27:46Z,102.69,completed
12340,211,2023-03-23T10:48:51Z,60.01,completed
11997,51,2023-03-23T13:09:43Z,108.72,completed
10284,623,2023-03-23T13:57:47Z,43.75,pending
12630,670,2023-03-23T14:34:23Z,37.38,completed
11453,560,2023-03-23T15:18:10Z,22.47,completed
10212,887,2023-03-24T03:58:15Z,102.36,completed
12283,335,2023-03-24T08:02:15Z,33.53,cancelled
11266,896,2023-03-24T08:10:20Z,116.76,completed
13439,517,2023-03-24T10:07:23Z,79.79,completed
11717,472,2023-03-24T10:19:11Z,164.72,completed
13021,591,2023-03-24T10:22:13Z,64.73,completed
12273,626,2023-03-24T15:20:03Z,20.13,completed
11498,626,2023-03-24T19:20:02Z,48.22,completed
11666,350,2023-03-24T19:22:27Z,63.15,completed
12923,357,2023-03-24T20:21:43Z,52.2,completed
11386,156,2023-03-25T08:21:23Z,52.55,completed
13356,373,2023-03-25T10:29:47Z,152.3,completed
11499,81,2023-03-25T11:28:16Z,66.08,completed
11810,889,2023-03-25T11:37:00Z,47.94,completed
11156,209,2023-03-25T11:38:24Z,52.03,completed
10880,794,2023-03-25T11:53:34Z,49.26,completed
12989,629,2023-03-25T18:08:52Z,50.81,pending
12231,35,2023-03-25T18:40:34Z,26.71,completed
13397,193,2023-03-25T20:31:09Z,31.1,completed
13397,193,2023-03-25T20:31:09Z,31.1,pending
11588,1,2023-03-25T21:28:08Z,81.23,completed
10720,44,2023-03-26T09:50:43Z,154.49,cancelled
11265,64,2023-03-26T10:18:06Z,183.42,completed
13253,59,2023-03-26T19:50:18Z,46.55,completed
12715,456,2023-03-26T20:24:08Z,67.65,completed
12721,607,2023-03-26T20:28:39Z,61.09,pending
12624,145,2023-03-26T21:51:05Z,47.18,returned
10515,441,2023-03-27T08:52:44Z,45.92,completed
12785,375,2023-03-27T15:38:36Z,28.07,pending
10616,826,2023-03-27T17:00:44Z,36.13,pending
13274,729,2023-03-27T17:32:02Z,65.85,completed
10809,486,2023-03-27T20:35:44Z,52.38,completed
13411,134,2023-03-28T04:27:33Z,66.08,completed
13294,150,2023-03-28T08:52:18Z,70.49,completed
11583,714,2023-03-28T09:03:21Z,61.94,completed
11258,666,2023-03-28T12:00:27Z,115.04,pending
11011,285,2023-03-28T13:58:47Z,19.35,completed
11883,591,2023-03-28T14:35:58Z,13.46,completed
12607,657,2023-03-28T16:22:05Z,71.71,completed
10542,265,2023-03-28T20:38:53Z,34.94,pending
13187,293,2023-03-29T06:25:17Z,12.39,completed
13309,680,2023-03-29T07:29:05Z,50.3,completed
12702,723,2023-03-29T08:47:28Z,90.96,pending
12270,92,2023-03-29T10:24:48Z,16.36,pending
11870,687,2023-03-29T10:30:27Z,42.63,completed
13132,748,2023-03-29T17:58:52Z,27.66,completed
13132,748,2023-03-29T17:58:52Z,0.0,cancelled
11557,455,2023-03-30T07:10:38Z,46.09,pending
10026,9341,2023-03-30T09:08:02Z,264.23,completed
13125,564,2023-03-30T09:17:20Z,93.44,cancelled
11401,715,2023-03-30T15:26:06Z,35.09,completed
12749,68,2023-03-30T16:02:01Z,59.03,completed
13036,314,2023-03-30T22:55:57Z,46.74,completed
13202,66,2023-03-31T07:28:39Z,61.46,completed
10350,607,2023-03-31T09:57:40Z,130.17,completed
12859,878,2023-03-31T11:42:41Z,0.0,completed
12002,139,2023-03-31T18:04:36Z,47.55,completed
10281,464,2023-03-31T19:22:47Z,105.75,completed
11445,752,2023-04-01T09:35:43Z,86.0,completed
10076,209,2023-04-01T10:36:35Z,51.83,completed
10292,536,2023-04-01T12:10:59Z,86.84,completed
12798,472,2023-04-01T15:55:04Z,52.49,completed
12872,889,2023-04-01T19:09:07Z,30.67,pending
12264,773,2023-04-01T23:00:34Z,71.97,completed
11515,585,2023-04-02T11:11:53Z,22.44,returned
13074,170,2023-04-02T11:25:01Z,34.68,completed
11508,35,2023-04-02T14:08:04Z,74.77,pending
11630,139,2023-04-02T18:01:23Z,29.28,completed
12771,472,2023-04-02T18:48:09Z,35.61,completed
12099,184,2023-04-03T07:18:18Z,110.01,completed
11921,81,2023-04-03T13:48:55Z,24.7,completed
11711,689,2023-04-03T15:02:40Z,38.26,completed
11824,474,2023-04-03T15:30:44Z,28.85,cancelled
11585,724,2023-04-03T17:32:02Z,21.93,completed
10710,585,2023-04-03T19:56:25Z,35.61,completed
10157,330,2023-04-03T22:03:27Z,21.66,completed
13425,295,2023-04-04T08:43:38Z,45.04,completed
10649,730,2023-04-04T09:24:12Z,32.12,cancelled
11440,35,2023-04-04T10:03:50Z,70.7,completed
11423,703,2023-04-04T12:37:13Z,38.59,returned
10218,90,2023-04-04T18:03:20Z,15.34,completed
13146,508,2023-04-04T19:24:11Z,39.84,completed
12667,670,2023-04-04T20:31:12Z,44.74,completed
12928,280,2023-04-05T09:06:57Z,59.12,completed
10308,524,2023-04-05T09:29:03Z,128.67,completed
10308,524,2023-04-05T09:29:03Z,0.0,cancelled
11590,603,2023-04-05T10:50:17Z,28.47,completed
10040,9071,2023-04-05T14:31:19Z,115.06,pending
11966,662,2023-04-05T16:56:06Z,59.82,completed
10753,688,2023-04-05T18:34:07Z,38.57,completed
11106,464,2023-04-05T18:58:45Z,46.66,completed
10925,536,2023-04-06T01:29:28Z,44.89,completed
11871,817,2023-04-06T02:27:54Z,60.83,completed
12451,817,2023-04-06T08:23:59Z,139.63,completed
10543,569,2023-04-06T09:52:03Z,64.71,completed
13147,586,2023-04-06T09:57:26Z,66.41,completed
13134,39,2023-04-06T10:51:07Z,78.78,completed
11642,817,2023-04-06T14:45:18Z,65.57,pending
13395,332,2023-04-06T15:20:01Z,49.75,completed
12766,590,2023-04-06T16:59:06Z,69.47,completed
10326,321,2023-04-06T17:14:41Z,44.76,completed
10528,894,2023-04-06T18:56:49Z,128.33,completed
12584,193,2023-04-06T19:16:18Z,28.72,completed
10504,486,2023-04-06T21:27:22Z,38.4,completed
12080,669,2023-04-07T07:07:25Z,27.22,completed
10572,953,2023-04-07T09:08:17Z,37.58,completed
12043,837,2023-04-07T10:40:01Z,29.85,cancelled
11375,564,2023-04-07T17:40:37Z,79.12,completed
12871,429,2023-04-07T21:24:56Z,75.16,cancelled
12101,579,2023-04-08T02:18:37Z,68.77,pending
10719,139,2023-04-08T08:18:48Z,36.14,returned
10272,21,2023-04-08T13:21:38Z,195.06,completed
12877,373,2023-04-08T13:50:07Z,217.37,completed
12322,184,2023-04-08T14:51:46Z,27.6,completed
11525,128,2023-04-08T16:25:43Z,50.79,completed
10430,474,2023-04-08T16:27:20Z,28.18,completed
12157,626,2023-04-08T16:44:26Z,51.42,completed
13250,539,2023-04-08T20:05:50Z,115.99,completed
10769,622,2023-04-08T21:37:25Z,27.07,completed
10769,622,2023-04-08T21:37:25Z,27.07,pending
10764,314,2023-04-09T07:17:05Z,39.16,completed
12747,755,2023-04-09T10:59:49Z,34.32,completed
11670,58,2023-04-09T12:28:47Z,40.87,pending
12471,234,2023-04-09T14:43:06Z,21.62,completed
11138,122,2023-04-09T18:58:12Z,99.74,completed
10774,842,2023-04-09T19:26:01Z,52.57,completed
11760,477,2023-04-09T20:19:41Z,59.33,completed
10271,202,2023-04-09T21:26:44Z,53.6,completed
13057,48,2023-04-10T04:00:28Z,56.81,completed
11882,329,2023-04-10T13:13:53Z,115.37,completed
11102,295,2023-04-10T15:58:34Z,16.39,completed
13358,232,2023-04-10T18:25:02Z,66.74,cancelled
12503,204,2023-04-10T20:55:29Z,110.47,completed
12006,639,2023-04-11T06:23:02Z,65.38,completed
10329,955,2023-04-11T07:32:31Z,57.34,completed
10499,826,2023-04-11T09:20:38Z,63.3,completed
11663,748,2023-04-11T12:06:33Z,58.63,completed
10483,432,2023-04-11T13:14:09Z,49.39,cancelled
10793,432,2023-04-11T13:30:42Z,41.03,completed
11220,139,2023-04-11T16:23:45Z,281.2,completed
11091,483,2023-04-11T20:06:11Z,159.0,completed
11470,595,2023-04-12T05:34:01Z,50.53,completed
12991,714,2023-04-12T11:49:22Z,42.55,completed
10511,94,2023-04-12T12:28:06Z,62.7,completed
12988,564,2023-04-12T13:28:36Z,138.48,completed
10089,483,2023-04-12T14:11:41Z,18.23,completed
12622,124,2023-04-12T15:51:30Z,71.79,completed
10843,687,2023-04-12T18:01:25Z,71.66,completed
10799,623,2023-04-12T19:15:59Z,36.01,completed
12000,169,2023-04-12T22:38:05Z,61.33,completed
11529,9,2023-04-13T11:57:11Z,51.6,completed
11362,872,2023-04-13T18:26:50Z,20.12,completed
10433,35,2023-04-13T19:15:21Z,40.96,completed
10289,172,2023-04-14T07:00:39Z,53.89,completed
13160,486,2023-04-14T07:03:58Z,32.01,completed
13382,755,2023-04-14T08:33:47Z,35.42,completed
13283,495,2023-04-14T10:40:47Z,46.37,completed
10677,360,2023-04-14T11:44:08Z,41.32,completed
12586,556,2023-04-14T18:37:12Z,22.58,completed
11466,843,2023-04-14T18:53:08Z,58.47,completed
12042,916,2023-04-14T19:54:11Z,35.2,completed
13412,524,2023-04-14T20:52:44Z,91.17,completed
13313,677,2023-04-15T08:44:50Z,44.86,returned
10918,759,2023-04-15T10:47:47Z,20.78,completed
11403,572,2023-04-15T10:58:22Z,16.7,completed
12361,118,2023-04-15T13:40:44Z,128.87,completed
11785,915,2023-04-15T15:03:37Z,83.58,returned
12793,327,2023-04-15T18:59:15Z,72.94,pending
13164,474,2023-04-15T19:56:17Z,53.83,returned
12926,508,2023-04-15T23:50:47Z,92.85,completed
11562,100,2023-04-16T10:58:13Z,38.73,pending
12300,891,2023-04-16T11:10:46Z,45.9,completed
11164,253,2023-04-16T12:55:11Z,128.91,completed
12439,227,2023-04-16T15:48:03Z,61.13,completed
12152,603,2023-04-16T16:59:43Z,45.71,completed
12903,100,2023-04-16T18:45:25Z,48.48,completed
10508,817,2023-04-16T19:07:31Z,53.2,completed
12664,866,2023-04-16T19:54:35Z,23.71,completed
10945,585,2023-04-16T20:43:22Z,68.25,completed
12723,560,2023-04-17T08:15:59Z,63.63,completed
12967,106,2023-04-17T13:15:39Z,47.85,completed
11255,933,2023-04-17T14:46:28Z,55.32,completed
11357,18,2023-04-17T17:40:12Z,46.23,completed
13129,881,2023-04-17T21:06:26Z,156.83,completed
10196,716,2023-04-18T17:44:09Z,81.44,completed
11137,689,2023-04-18T18:13:51Z,120.48,completed
12483,694,2023-04-18T19:06:02Z,76.07,completed
12606,569,2023-04-19T09:00:30Z,59.07,completed
12686,48,2023-04-19T12:54:49Z,79.51,completed
12276,257,2023-04-19T14:12:47Z,53.7,completed
12916,540,2023-04-19T14:12:58Z,81.78,completed
12561,86,2023-04-20T10:02:39Z,137.88,pending
11420,632,2023-04-20T10:38:51Z,38.81,completed
11635,402,2023-04-20T10:52:02Z,47.35,completed
13463,626,2023-04-20T14:13:49Z,37.79,completed
12184,580,2023-04-20T17:58:26Z,78.25,completed
11911,389,2023-04-20T19:45:39Z,56.69,completed
13058,418,2023-04-20T20:10:06Z,88.19,completed
13331,866,2023-04-20T20:26:59Z,122.6,completed
12206,173,2023-04-20T20:41:55Z,27.07,completed
13017,869,2023-04-21T09:54:52Z,111.39,completed
11143,55,2023-04-21T12:49:58Z,46.03,completed
12447,580,2023-04-21T14:56:36Z,93.86,completed
12719,261,2023-04-21T18:18:54Z,28.35,cancelled
10391,856,2023-04-21T20:22:15Z,56.94,completed
12995,663,2023-04-22T07:43:40Z,51.38,completed
12822,326,2023-04-22T12:39:11Z,66.12,pending
11598,361,2023-04-22T13:02:46Z,27.91,completed
10873,11,2023-04-22T13:11:42Z,72.51,completed
13196,445,2023-04-22T13:21:09Z,127.77,completed
10317,452,2023-04-22T16:23:06Z,61.85,cancelled
10234,730,2023-04-22T18:40:42Z,97.32,completed
11295,591,2023-04-22T19:56:36Z,44.04,completed
12358,536,2023-04-22T22:57:39Z,22.4,completed
11912,872,2023-04-23T10:37:53Z,105.95,completed
12543,472,2023-04-23T12:14:32Z,48.47,completed
11392,116,2023-04-23T18:44:57Z,173.37,completed
12674,214,2023-04-24T09:21:12Z,74.15,pending
11250,91,2023-04-24T15:42:46Z,75.49,completed
12805,807,2023-04-24T15:43:28Z,53.27,completed
11025,58,2023-04-24T17:34:36Z,73.11,completed
13286,857,2023-04-24T22:51:05Z,96.88,completed
10098,1,2023-04-25T09:20:08Z,104.91,completed
10267,584,2023-04-25T11:00:38Z,74.02,completed
12063,354,2023-04-25T16:03:11Z,56.4,completed
12635,739,2023-04-25T18:23:30Z,104.01,completed
10087,432,2023-04-25T20:18:07Z,44.69,completed
11051,729,2023-04-26T01:21:06Z,91.33,pending
11062,657,2023-04-26T07:19:34Z,65.69,completed
11235,849,2023-04-26T14:27:02Z,105.19,completed
10636,872,2023-04-26T14:44:10Z,27.65,completed
10082,752,2023-04-26T16:25:58Z,91.46,completed
11184,895,2023-04-26T17:07:26Z,62.65,completed
11188,486,2023-04-26T17:15:37Z,19.16,completed
12369,491,2023-04-26T20:47:07Z,52.85,completed
13383,760,2023-04-27T09:28:01Z,77.41,completed
12502,595,2023-04-27T10:03:45Z,27.47,completed
11318,455,2023-04-27T12:40:20Z,52.85,completed
11241,402,2023-04-27T13:51:41Z,19.21,completed
10247,267,2023-04-27T14:38:59Z,19.54,completed
12705,478,2023-04-27T16:41:03Z,26.41,completed
12383,228,2023-04-27T16:54:41Z,18.01,cancelled
13171,150,2023-04-27T18:44:47Z,110.88,completed
13282,591,2023-04-27T20:00:01Z,63.08,completed
11703,402,2023-04-27T21:04:17Z,44.86,completed
13174,889,2023-04-27T23:43:53Z,47.62,pending
11639,891,2023-04-28T06:47:33Z,64.46,completed
10105,253,2023-04-28T10:15:40Z,34.47,pending
12470,373,2023-04-28T10:45:17Z,216.41,returned
12130,128,2023-04-28T11:24:53Z,173.75,completed
10498,21,2023-04-28T13:53:01Z,64.9,completed
11692,124,2023-04-28T14:04:43Z,34.1,completed
12133,97,2023-04-28T15:12:04Z,71.13,completed
11451,344,2023-04-28T18:04:51Z,104.33,completed
13452,942,2023-04-29T06:59:59Z,70.72,completed
12117,81,2023-04-29T10:21:44Z,35.85,completed
10351,94,2023-04-29T11:27:47Z,51.68,completed
10399,869,2023-04-29T15:00:39Z,37.87,completed
12908,585,2023-04-29T17:33:57Z,56.32,completed
11450,574,2023-04-29T18:18:25Z,11.49,pending
12257,122,2023-04-29T20:41:04Z,134.46,pending
12093,474,2023-04-29T20:47:05Z,18.08,completed
12710,758,2023-04-30T14:08:55Z,15.48,completed
12487,9,2023-04-30T15:42:03Z,59.36,returned
11019,116,2023-04-30T17:08:57Z,59.47,completed
11165,124,2023-04-30T19:44:33Z,91.69,completed
13185,384,2023-05-01T12:52:25Z,35.0,completed
10585,650,2023-05-01T14:07:35Z,170.01,returned
11860,639,2023-05-01T14:35:53Z,19.2,completed
10249,483,2023-05-01T15:37:05Z,30.57,cancelled
10436,760,2023-05-01T16:38:35Z,36.58,completed
13265,309,2023-05-01T20:19:04Z,52.45,completed
12837,128,2023-05-02T08:34:33Z,82.69,completed
13327,153,2023-05-02T15:11:56Z,31.22,returned
13402,295,2023-05-02T15:39:34Z,95.63,completed
12764,261,2023-05-03T20:08:39Z,111.96,completed
11896,734,2023-05-03T23:19:31Z,66.92,completed
11043,669,2023-05-04T15:25:23Z,48.38,completed
12671,402,2023-05-04T15:54:56Z,51.62,cancelled
10296,853,2023-05-04T18:53:24Z,261.69,completed
10461,211,2023-05-04T19:01:13Z,42.91,cancelled
10058,857,2023-05-05T12:00:31Z,39.2,completed
12299,714,2023-05-05T17:30:38Z,74.36,completed
12857,104,2023-05-05T19:08:48Z,240.96,completed
13145,128,2023-05-05T20:46:45Z,68.65,completed
12787,714,2023-05-06T06:07:21Z,66.23,completed
10595,344,2023-05-06T08:03:00Z,327.27,pending
13143,264,2023-05-06T08:47:00Z,43.94,completed
12177,430,2023-05-06T10:39:41Z,82.18,completed
10610,383,2023-05-06T14:22:43Z,49.22,pending
10109,126,2023-05-06T18:26:40Z,40.72,completed
13371,614,2023-05-06T20:18:01Z,20.01,completed
13257,629,2023-05-06T23:21:37Z,43.84,completed
10953,410,2023-05-06T23:52:30Z,96.93,completed
13167,689,2023-05-07T08:35:20Z,45.8,completed
10491,186,2023-05-07T10:47:14Z,23.55,completed
11920,755,2023-05-07T12:34:32Z,42.24,completed
11603,930,2023-05-07T13:11:00Z,99.68,completed
11152,826,2023-05-07T14:15:34Z,72.96,completed
10134,128,2023-05-07T18:20:20Z,58.92,completed
10750,94,2023-05-07T21:16:16Z,33.07,pending
11032,205,2023-05-08T12:07:55Z,92.02,completed
10479,86,2023-05-08T13:17:52Z,18.03,completed
10835,947,2023-05-08T18:43:06Z,125.47,completed
12756,211,2023-05-09T13:56:27Z,26.54,returned
10118,186,2023-05-09T16:57:08Z,19.31,completed
10001,9298,2023-05-09T20:34:59Z,46.86,completed
12985,267,2023-05-10T03:29:09Z,64.55,cancelled
11264,390,2023-05-10T08:12:55Z,125.93,pending
11408,915,2023-05-10T11:09:42Z,29.72,completed
12898,235,2023-05-10T12:26:36Z,31.26,completed
11563,14,2023-05-10T13:18:22Z,19.83,completed
13175,579,2023-05-10T17:31:40Z,187.08,completed
10088,354,2023-05-10T17:59:01Z,34.28,completed
12891,227,2023-05-10T22:33:10Z,98.1,completed
10036,9136,2023-05-11T06:42:19Z,15.78,completed
10526,360,2023-05-11T08:28:09Z,53.27,pending
10961,758,2023-05-11T10:26:01Z,30.11,completed
12603,680,2023-05-11T15:48:03Z,90.14,cancelled
13336,116,2023-05-11T17:08:26Z,20.78,completed
12620,11,2023-05-11T22:57:26Z,62.12,completed
12240,171,2023-05-12T10:01:12Z,59.54,completed
12788,465,2023-05-12T10:37:06Z,71.58,pending
12531,758,2023-05-12T14:14:51Z,158.75,completed
13003,432,2023-05-12T15:41:27Z,30.35,completed
13390,264,2023-05-12T16:57:20Z,148.42,completed
12271,849,2023-05-12T17:27:14Z,229.52,completed
11553,909,2023-05-12T18:09:46Z,71.73,completed
12984,858,2023-05-12T20:53:44Z,102.3,completed
10254,586,2023-05-12T21:28:45Z,49.44,completed
11653,864,2023-05-12T22:53:04Z,23.28,completed
11948,602,2023-05-13T08:24:57Z,73.8,completed
13086,462,2023-05-13T11:46:28Z,30.39,completed
11437,216,2023-05-13T16:21:06Z,34.58,completed
12553,650,2023-05-13T17:09:09Z,54.52,completed
12909,167,2023-05-13T19:21:47Z,81.05,pending
13107,673,2023-05-13T20:23:22Z,35.69,completed
11426,193,2023-05-13T22:10:00Z,107.38,completed
10502,452,2023-05-13T22:51:10Z,79.52,pending
10653,872,2023-05-14T06:20:39Z,28.67,completed
12672,505,2023-05-14T09:53:53Z,27.66,completed
13094,126,2023-05-14T12:37:28Z,37.09,completed
11335,730,2023-05-14T12:53:01Z,59.86,completed
12070,124,2023-05-14T17:19:30Z,10.0,completed
12225,360,2023-05-14T19:08:48Z,108.69,completed
10950,911,2023-05-15T06:17:48Z,197.85,completed
11154,75,2023-05-15T07:04:08Z,79.21,completed
13385,673,2023-05-15T09:01:11Z,128.23,completed
11766,329,2023-05-15T09:02:21Z,140.39,completed
11272,752,2023-05-15T11:53:04Z,96.98,pending
11387,881,2023-05-15T19:01:39Z,44.21,completed
12619,959,2023-05-15T22:37:51Z,41.12,completed
11191,403,2023-05-16T07:12:42Z,59.09,completed
13193,679,2023-05-16T09:41:16Z,-55.45,pending
12510,261,2023-05-16T11:44:51Z,84.25,completed
11031,912,2023-05-16T12:01:10Z,103.53,completed
13205,214,2023-05-16T13:49:14Z,34.65,completed
12569,300,2023-05-16T14:43:23Z,64.1,pending
10722,11,2023-05-16T17:31:11Z,99.91,completed
11781,171,2023-05-16T19:20:47Z,90.27,completed
12564,734,2023-05-16T19:59:57Z,105.89,completed
11230,68,2023-05-17T05:09:36Z,28.71,completed
11114,857,2023-05-17T09:29:59Z,125.29,completed
12563,916,2023-05-17T21:56:03Z,61.15,completed
13442,799,2023-05-17T22:21:50Z,71.33,completed
10378,202,2023-05-18T10:43:08Z,69.59,completed
10664,445,2023-05-18T14:53:50Z,55.33,completed
11637,19,2023-05-18T15:37:06Z,50.39,pending
10239,48,2023-05-18T17:14:53Z,46.32,completed
12010,924,2023-05-18T18:48:36Z,72.93,completed
12197,362,2023-05-18T19:04:28Z,60.67,completed
10216,617,2023-05-19T01:13:57Z,57.6,pending
11595,822,2023-05-19T14:48:51Z,79.94,completed
11959,385,2023-05-19T16:16:37Z,128.46,completed
13307,389,2023-05-19T18:58:23Z,21.15,pending
12344,171,2023-05-19T21:02:52Z,129.47,cancelled
12996,688,2023-05-20T06:01:45Z,68.65,completed
13154,877,2023-05-20T11:30:36Z,92.28,completed
12275,97,2023-05-21T09:26:40Z,83.15,completed
12191,295,2023-05-21T09:51:51Z,62.68,completed
11471,649,2023-05-21T10:39:30Z,120.57,completed
13049,455,2023-05-21T14:09:24Z,57.72,completed
12881,77,2023-05-21T15:28:23Z,71.57,returned
12088,138,2023-05-21T18:02:07Z,111.55,completed
11743,451,2023-05-21T18:09:57Z,75.81,completed
11949,364,2023-05-21T20:40:31Z,62.97,completed
12415,91,2023-05-21T20:59:38Z,45.95,completed
11207,663,2023-05-22T09:04:42Z,44.31,cancelled
12016,614,2023-05-22T09:34:27Z,89.08,completed
12329,906,2023-05-22T15:45:08Z,21.19,completed
11033,634,2023-05-23T09:35:57Z,65.84,completed
10494,390,2023-05-23T10:43:12Z,22.49,pending
11901,891,2023-05-23T15:12:26Z,91.28,returned
10366,145,2023-05-23T15:32:20Z,148.59,completed
11834,634,2023-05-23T18:40:54Z,144.03,completed
10787,186,2023-05-24T10:12:45Z,272.7,completed
10490,232,2023-05-24T10:24:02Z,30.46,completed
11695,451,2023-05-24T13:22:43Z,-17.12,completed
12758,714,2023-05-24T21:07:48Z,42.02,pending
10916,128,2023-05-25T14:00:02Z,62.35,completed
10591,477,2023-05-25T18:46:02Z,24.92,completed
11047,837,2023-05-26T10:55:47Z,77.68,returned
12751,252,2023-05-26T16:15:48Z,62.17,pending
11905,264,2023-05-26T18:23:12Z,110.86,completed
10009,9360,2023-05-26T19:07:43Z,139.63,completed
12700,730,2023-05-27T16:16:10Z,84.27,completed
12360,552,2023-05-27T16:49:13Z,29.58,completed
10031,9437,2023-05-27T17:45:59Z,85.97,completed
13262,663,2023-05-27T20:15:27Z,108.99,completed
12847,234,2023-05-27T23:12:11Z,95.54,completed
12792,853,2023-05-28T09:15:04Z,29.16,completed
12310,497,2023-05-28T09:57:47Z,42.49,completed
11462,878,2023-05-28T12:28:48Z,57.17,completed
11985,430,2023-05-28T20:02:43Z,41.98,completed
10147,957,2023-05-28T21:10:01Z,59.5,cancelled
10147,957,2023-05-28T21:10:01Z,59.5,completed
11070,688,2023-05-29T08:50:15Z,96.11,completed
10522,843,2023-05-29T11:14:25Z,25.27,completed
10881,831,2023-05-29T14:13:43Z,82.55,completed
12419,381,2023-05-29T19:56:09Z,112.59,cancelled
13290,243,2023-05-29T21:34:54Z,94.19,cancelled
13314,378,2023-05-30T06:27:49Z,24.46,completed
12407,682,2023-05-30T07:06:05Z,61.5,completed
11540,702,2023-05-30T09:55:46Z,48.55,cancelled
12457,895,2023-05-30T14:19:25Z,64.95,completed
10302,583,2023-05-31T08:45:28Z,43.92,completed
11127,344,2023-05-31T15:33:27Z,63.84,completed
12165,866,2023-05-31T16:13:04Z,32.88,returned
11969,39,2023-05-31T16:35:03Z,46.94,completed
11668,682,2023-06-01T03:06:13Z,158.4,cancelled
13030,552,2023-06-01T06:22:32Z,77.12,completed
11559,540,2023-06-01T08:41:24Z,55.92,pending
12287,150,2023-06-01T13:26:06Z,35.7,completed
11294,357,2023-06-01T13:33:00Z,31.33,completed
11787,101,2023-06-01T18:05:57Z,72.9,completed
13428,168,2023-06-01T22:40:15Z,35.16,completed
10139,336,2023-06-02T05:21:15Z,32.73,completed
10938,665,2023-06-02T07:25:06Z,73.05,completed
11210,402,2023-06-02T16:03:08Z,52.46,pending
12556,232,2023-06-02T17:07:01Z,30.73,cancelled
12938,779,2023-06-02T18:00:53Z,27.13,cancelled
12640,663,2023-06-02T20:36:43Z,98.32,cancelled
10651,920,2023-06-02T21:22:09Z,77.18,completed
10669,657,2023-06-03T09:02:07Z,53.89,completed
11569,214,2023-06-03T09:08:18Z,30.56,completed
13306,931,2023-06-03T09:38:52Z,102.24,completed
10581,68,2023-06-03T17:14:56Z,101.28,completed
10533,860,2023-06-03T22:23:39Z,-45.31,completed
10113,257,2023-06-04T01:23:52Z,124.1,completed
12153,205,2023-06-04T06:59:40Z,103.22,completed
11565,264,2023-06-04T10:14:16Z,31.01,completed
11483,274,2023-06-04T11:57:05Z,95.12,completed
13158,189,2023-06-04T14:00:44Z,37.39,pending
11551,423,2023-06-04T14:39:13Z,85.26,completed
12394,185,2023-06-04T15:48:41Z,46.08,completed
12801,274,2023-06-04T19:51:07Z,70.67,completed
11329,601,2023-06-04T20:01:10Z,46.74,completed
11764,178,2023-06-05T01:33:12Z,111.93,pending
13151,283,2023-06-05T10:52:27Z,47.67,completed
10928,572,2023-06-05T12:05:47Z,92.64,completed
10487,740,2023-06-06T09:35:27Z,29.43,completed
12623,452,2023-06-06T11:17:01Z,32.79,completed
13260,702,2023-06-06T13:16:35Z,54.74,completed
13280,957,2023-06-06T17:01:34Z,157.98,completed
10183,506,2023-06-06T17:26:37Z,12.67,completed
11159,264,2023-06-07T05:12:28Z,38.18,completed
12187,895,2023-06-07T14:54:01Z,47.19,completed
11436,626,2023-06-07T17:05:37Z,47.92,completed
13035,755,2023-06-07T20:41:02Z,-28.62,completed
11537,181,2023-06-08T11:15:42Z,36.71,completed
11601,120,2023-06-08T11:36:37Z,26.71,cancelled
12911,390,2023-06-08T11:59:17Z,147.21,completed
13406,851,2023-06-08T12:00:44Z,63.66,completed
10859,205,2023-06-08T12:09:50Z,23.91,completed
11612,104,2023-06-08T12:29:24Z,39.65,completed
11128,784,2023-06-08T13:53:05Z,18.76,returned
13063,147,2023-06-08T14:36:47Z,106.14,completed
12574,227,2023-06-08T21:47:47Z,56.3,pending
12897,604,2023-06-09T08:08:49Z,29.92,completed
13228,334,2023-06-09T08:28:31Z,143.63,completed
11869,634,2023-06-09T12:44:14Z,48.85,pending
13150,344,2023-06-09T14:24:49Z,34.45,completed
13004,375,2023-06-09T17:54:41Z,91.42,pending
13135,791,2023-06-10T14:59:15Z,44.73,completed
10007,9186,2023-06-10T15:10:31Z,112.5,pending
12844,19,2023-06-10T18:29:25Z,93.93,completed
11752,468,2023-06-10T19:21:04Z,57.32,completed
11512,332,2023-06-11T07:23:47Z,60.93,completed
12202,860,2023-06-11T08:16:02Z,37.62,pending
12755,794,2023-06-11T12:55:54Z,63.74,completed
10032,9200,2023-06-11T13:12:26Z,35.53,completed
10603,424,2023-06-11T16:08:11Z,34.38,completed
11482,336,2023-06-11T19:13:40Z,46.04,completed
13284,583,2023-06-11T19:49:11Z,80.66,pending
11889,585,2023-06-11T21:13:07Z,82.81,completed
12666,264,2023-06-11T21:34:04Z,77.36,completed
13398,558,2023-06-11T21:35:22Z,103.71,completed
12227,181,2023-06-11T22:28:18Z,36.22,pending
11648,739,2023-06-13T07:32:29Z,25.59,completed
11352,864,2023-06-13T12:26:53Z,84.26,completed
11833,536,2023-06-13T13:28:26Z,32.54,returned
10980,601,2023-06-13T13:51:01Z,47.95,completed
10871,101,2023-06-13T15:29:18Z,57.75,completed
11099,478,2023-06-13T21:30:26Z,29.8,completed
12331,352,2023-06-14T06:22:00Z,29.22,completed
13079,784,2023-06-14T11:54:30Z,47.58,completed
13369,398,2023-06-14T12:48:54Z,69.74,completed
12069,177,2023-06-14T15:41:56Z,62.6,completed
12212,734,2023-06-14T17:13:56Z,24.72,pending
10444,160,2023-06-14T20:22:39Z,31.83,completed
11599,536,2023-06-15T06:50:03Z,107.29,completed
10194,183,2023-06-15T08:09:28Z,62.78,completed
12442,441,2023-06-15T13:28:50Z,65.86,completed
12613,94,2023-06-15T16:03:34Z,32.43,completed
13001,827,2023-06-15T16:37:47Z,33.78,completed
12106,160,2023-06-16T04:05:15Z,79.56,completed
11132,284,2023-06-16T10:10:36Z,44.83,returned
10565,694,2023-06-16T12:13:40Z,147.04,completed
11964,91,2023-06-16T12:26:57Z,91.03,completed
13007,818,2023-06-16T12:51:41Z,45.73,completed
12773,390,2023-06-16T15:53:57Z,39.15,completed
10221,744,2023-06-16T17:01:27Z,41.3,completed
10802,495,2023-06-16T17:05:03Z,72.67,completed
10288,682,2023-06-16T17:23:12Z,37.73,completed
12550,99,2023-06-16T17:38:29Z,96.99,returned
12229,101,2023-06-16T19:29:11Z,0.0,completed
11536,784,2023-06-17T01:42:38Z,14.31,completed
11706,878,2023-06-17T10:02:08Z,67.95,completed
12850,171,2023-06-17T11:51:45Z,68.16,completed
11705,269,2023-06-17T14:52:50Z,11.56,completed
11998,57,2023-06-17T16:42:23Z,98.16,completed
12505,509,2023-06-17T18:49:03Z,51.71,completed
12245,90,2023-06-17T19:47:48Z,119.63,completed
13426,269,2023-06-18T08:26:56Z,21.41,completed
10361,784,2023-06-18T13:53:09Z,128.63,completed
13085,452,2023-06-18T17:48:57Z,56.32,completed
10621,227,2023-06-18T19:35:13Z,44.79,completed
12149,183,2023-06-18T20:46:53Z,55.42,completed
12146,238,2023-06-18T21:22:49Z,33.91,completed
11038,834,2023-06-18T22:41:53Z,90.84,returned
10290,120,2023-06-20T05:53:25Z,111.1,completed
12937,634,2023-06-20T07:34:24Z,55.17,completed
10304,730,2023-06-20T09:57:56Z,66.96,completed
11887,410,2023-06-20T19:18:03Z,78.06,completed
10325,818,2023-06-21T08:39:59Z,42.96,pending
13189,52,2023-06-21T10:11:13Z,64.08,completed
12364,702,2023-06-22T02:05:45Z,16.94,completed
12034,841,2023-06-22T09:27:01Z,13.73,completed
11321,129,2023-06-22T12:52:15Z,10.08,returned
10507,147,2023-06-22T16:26:02Z,204.29,completed
11439,695,2023-06-22T16:49:29Z,58.57,returned
10056,851,2023-06-22T18:35:55Z,70.55,completed
11958,421,2023-06-23T09:32:42Z,78.66,completed
10411,613,2023-06-23T11:01:02Z,52.45,completed
10606,826,2023-06-24T07:43:41Z,49.79,cancelled
11369,214,2023-06-24T09:37:38Z,33.13,completed
11304,326,2023-06-24T12:56:47Z,59.75,completed
11549,882,2023-06-24T16:58:46Z,134.29,completed
12351,269,2023-06-24T19:36:36Z,77.29,cancelled
13015,930,2023-06-25T10:35:44Z,92.08,completed
10674,784,2023-06-25T11:41:46Z,72.95,completed
10554,566,2023-06-25T12:53:58Z,120.4,completed
12432,90,2023-06-25T18:13:23Z,39.48,completed
11347,666,2023-06-25T19:02:15Z,30.72,completed
10812,851,2023-06-25T20:40:21Z,35.47,cancelled
10886,178,2023-06-26T11:22:13Z,111.35,completed
12616,169,2023-06-26T15:35:04Z,72.43,completed
11756,136,2023-06-26T18:58:06Z,248.64,completed
12303,11,2023-06-26T21:07:19Z,26.88,completed
12314,697,2023-06-26T22:39:41Z,148.52,completed
11040,257,2023-06-27T04:39:34Z,86.85,completed
12224,112,2023-06-27T09:04:52Z,29.45,completed
12154,314,2023-06-27T10:56:43Z,21.27,completed
10680,64,2023-06-27T12:03:25Z,35.46,completed
13396,601,2023-06-27T15:44:26Z,45.03,completed
10947,906,2023-06-27T16:39:05Z,59.95,completed
11665,449,2023-06-28T17:46:13Z,55.41,completed
12219,695,2023-06-28T22:30:42Z,42.57,pending
10899,324,2023-06-29T06:21:42Z,48.61,completed
12409,285,2023-06-29T09:00:01Z,67.93,completed
12513,284,2023-06-29T09:19:23Z,35.28,completed
10333,418,2023-06-29T11:44:20Z,93.05,completed
12963,240,2023-06-29T17:32:57Z,45.42,completed
11501,942,2023-06-29T19:44:53Z,48.8,completed
10836,702,2023-06-30T08:32:50Z,47.02,completed
12274,539,2023-06-30T08:53:29Z,40.23,completed
11119,44,2023-06-30T17:17:00Z,39.97,completed
10696,663,2023-06-30T18:03:55Z,93.36,completed
12166,468,2023-06-30T18:12:54Z,91.26,completed
13289,177,2023-07-01T06:18:26Z,83.47,completed
11576,894,2023-07-01T20:57:24Z,52.26,completed
11168,267,2023-07-02T08:16:56Z,23.95,completed
10697,625,2023-07-02T14:10:19Z,22.78,pending
11308,832,2023-07-02T15:13:30Z,39.44,completed
12193,730,2023-07-02T16:08:56Z,230.01,completed
12652,487,2023-07-02T17:25:19Z,66.83,completed
10734,851,2023-07-02T17:27:25Z,76.91,completed
10660,654,2023-07-02T18:22:33Z,44.11,completed
12456,424,2023-07-02T19:45:29Z,26.59,completed
10607,64,2023-07-02T20:19:19Z,44.04,completed
12814,795,2023-07-02T21:37:27Z,29.43,completed
12203,505,2023-07-03T07:46:24Z,81.71,completed
12091,168,2023-07-03T11:22:10Z,36.41,cancelled
12933,882,2023-07-03T12:35:46Z,41.68,completed
12247,358,2023-07-03T13:45:57Z,22.1,completed
11950,437,2023-07-03T20:48:55Z,101.29,completed
11611,613,2023-07-03T21:46:45Z,170.96,completed
10935,802,2023-07-04T04:04:40Z,37.62,cancelled
10244,164,2023-07-04T05:46:54Z,27.01,cancelled
11171,2,2023-07-04T12:28:04Z,96.74,pending
12255,602,2023-07-04T15:29:03Z,43.83,completed
12143,95,2023-07-04T16:16:40Z,22.92,completed
11605,451,2023-07-04T17:00:54Z,64.28,completed
11248,836,2023-07-05T10:39:17Z,50.22,pending
12823,634,2023-07-05T14:33:45Z,148.55,completed
12784,112,2023-07-05T15:36:17Z,50.67,completed
11652,836,2023-07-05T16:27:15Z,57.44,completed
10681,556,2023-07-05T16:56:12Z,89.14,completed
11925,814,2023-07-05T16:59:53Z,80.97,completed
12883,487,2023-07-05T19:27:13Z,69.83,completed
11373,72,2023-07-06T06:36:43Z,36.74,completed
12832,843,2023-07-06T07:23:20Z,67.21,completed
10792,147,2023-07-06T13:47:16Z,33.7,completed
13462,97,2023-07-06T16:13:20Z,18.81,completed
13454,752,2023-07-06T20:36:26Z,73.45,completed
11495,269,2023-07-07T16:00:34Z,71.96,completed
11831,703,2023-07-07T19:32:14Z,31.46,completed
13149,446,2023-07-07T20:00:01Z,80.57,completed
11550,147,2023-07-07T21:28:25Z,56.38,completed
11853,22,2023-07-08T09:00:00Z,26.61,completed
12062,882,2023-07-08T10:15:13Z,18.47,completed
12226,851,2023-07-08T11:51:42Z,204.94,completed
11522,634,2023-07-08T12:47:22Z,21.64,completed
10541,160,2023-07-08T13:55:14Z,96.51,completed
11716,91,2023-07-08T18:28:31Z,93.53,completed
11315,755,2023-07-08T20:52:40Z,41.53,completed
13391,857,2023-07-09T12:05:51Z,41.12,pending
12998,880,2023-07-09T14:17:16Z,148.38,returned
10217,468,2023-07-09T20:13:55Z,104.73,completed
10715,480,2023-07-09T21:21:59Z,127.83,returned
10801,211,2023-07-10T12:11:28Z,27.39,cancelled
12782,613,2023-07-10T12:46:47Z,42.79,completed
11600,170,2023-07-10T15:25:18Z,118.31,cancelled
12650,409,2023-07-10T15:35:20Z,57.65,cancelled
11993,912,2023-07-10T18:15:42Z,38.39,cancelled
13009,675,2023-07-10T18:28:55Z,64.91,completed
12992,171,2023-07-10T20:31:36Z,39.42,completed
12235,112,2023-07-11T07:49:03Z,34.03,pending
13264,93,2023-07-11T16:16:33Z,128.16,completed
12939,800,2023-07-12T09:34:49Z,175.42,completed
12878,171,2023-07-12T19:24:46Z,129.29,pending
13353,136,2023-07-12T20:18:13Z,68.04,completed
13199,186,2023-07-13T07:40:05Z,155.63,completed
12074,424,2023-07-13T09:09:33Z,113.92,returned
11307,169,2023-07-13T10:02:02Z,54.15,completed
11579,168,2023-07-13T13:55:54Z,62.85,completed
11167,675,2023-07-13T15:35:40Z,48.02,returned
10238,832,2023-07-13T17:36:41Z,106.87,completed
10237,539,2023-07-14T10:34:20Z,68.89,completed
11172,773,2023-07-14T11:24:57Z,34.37,pending
12642,516,2023-07-14T11:30:09Z,86.81,completed
10949,327,2023-07-14T16:06:57Z,63.14,completed
10132,267,2023-07-14T18:03:28Z,74.3,completed
11330,177,2023-07-15T09:59:42Z,33.89,completed
10743,888,2023-07-15T16:41:32Z,143.96,completed
12266,70,2023-07-15T18:07:14Z,29.92,completed
12376,957,2023-07-15T21:01:14Z,38.7,completed
11891,429,2023-07-16T10:57:26Z,70.97,completed
11463,427,2023-07-16T13:10:01Z,68.71,completed
12092,474,2023-07-16T13:22:13Z,160.22,completed
11992,497,2023-07-16T17:17:04Z,43.71,completed
12379,516,2023-07-16T20:03:49Z,19.39,completed
12379,516,2023-07-16T20:03:49Z,0.0,cancelled
11774,770,2023-07-16T21:16:43Z,170.16,completed
12426,650,2023-07-17T10:54:45Z,53.63,pending
10412,93,2023-07-17T11:24:50Z,69.0,completed
13311,230,2023-07-17T11:42:28Z,75.53,completed
10027,9271,2023-07-17T11:59:32Z,145.82,completed
10314,510,2023-07-17T13:20:28Z,67.62,returned
11361,41,2023-07-17T13:23:40Z,73.13,completed
10106,375,2023-07-17T13:58:23Z,96.04,pending
10137,814,2023-07-17T16:09:29Z,42.64,completed
11504,445,2023-07-17T18:28:11Z,63.31,completed
10726,446,2023-07-17T18:43:49Z,163.28,returned
13097,897,2023-07-17T21:05:08Z,97.54,completed
12488,837,2023-07-18T15:20:43Z,39.62,completed
12030,763,2023-07-18T16:47:19Z,15.4,completed
11053,860,2023-07-19T11:32:02Z,70.12,completed
10850,141,2023-07-19T21:25:37Z,12.21,completed
11872,324,2023-07-20T06:23:18Z,33.64,completed
10637,70,2023-07-20T09:08:53Z,120.18,completed
12669,52,2023-07-20T09:30:18Z,66.09,completed
13183,888,2023-07-20T10:21:19Z,50.59,completed
11567,779,2023-07-20T14:51:36Z,31.3,completed
10209,841,2023-07-20T17:38:49Z,44.55,completed
12005,827,2023-07-20T19:39:11Z,49.49,completed
10714,595,2023-07-20T21:39:03Z,194.76,completed
11597,357,2023-07-21T09:20:09Z,187.85,pending
11480,115,2023-07-21T10:19:27Z,116.03,completed
10749,694,2023-07-21T12:33:17Z,116.45,completed
13333,135,2023-07-21T16:35:46Z,94.97,completed
10077,43,2023-07-22T09:14:03Z,60.77,completed
12313,366,2023-07-22T11:12:20Z,15.88,completed
11909,313,2023-07-22T11:13:42Z,98.52,completed
13159,483,2023-07-22T12:10:45Z,42.31,completed
11915,390,2023-07-22T14:49:08Z,72.41,completed
11868,340,2023-07-22T17:40:56Z,40.22,completed
13055,49,2023-07-22T18:41:06Z,34.49,completed
12089,608,2023-07-22T21:00:20Z,37.07,completed
11957,454,2023-07-23T06:05:44Z,70.28,completed
12895,334,2023-07-23T06:23:30Z,53.55,completed
13165,2,2023-07-23T09:04:52Z,122.02,pending
13316,146,2023-07-23T14:31:34Z,46.87,completed
11919,509,2023-07-23T15:43:59Z,69.01,completed
13434,566,2023-07-23T17:13:16Z,21.24,completed
12265,171,2023-07-23T19:17:30Z,18.24,completed
12504,730,2023-07-24T18:34:49Z,28.62,completed
10908,860,2023-07-24T19:43:57Z,51.46,completed
13184,449,2023-07-25T08:30:45Z,58.98,returned
10233,446,2023-07-25T12:50:54Z,22.22,completed
10233,446,2023-07-25T12:50:54Z,25.55,completed
12799,135,2023-07-25T13:19:34Z,128.59,pending
13244,426,2023-07-25T13:34:17Z,106.57,completed
12384,583,2023-07-25T17:56:56Z,199.76,completed
12316,880,2023-07-25T18:04:36Z,38.4,completed
11513,796,2023-07-25T18:09:48Z,119.66,completed
12217,888,2023-07-25T19:03:20Z,39.93,completed
11192,501,2023-07-25T20:29:41Z,47.12,completed
11558,654,2023-07-26T09:08:58Z,48.64,completed
10617,313,2023-07-26T10:15:34Z,32.52,completed
11620,202,2023-07-26T14:37:24Z,50.13,completed
10425,409,2023-07-26T15:18:57Z,31.83,completed
10644,959,2023-07-26T20:17:58Z,38.56,completed
12508,770,2023-07-27T12:37:57Z,15.63,completed
12037,675,2023-07-27T21:23:57Z,24.1,completed
10994,427,2023-07-28T04:24:00Z,30.19,completed
11306,487,2023-07-28T09:17:15Z,96.83,completed
13155,41,2023-07-28T10:16:45Z,29.85,completed
10906,253,2023-07-28T15:15:34Z,52.93,completed
11561,259,2023-07-28T15:58:05Z,24.31,completed
10517,267,2023-07-28T15:59:22Z,80.01,completed
10072,579,2023-07-28T17:22:38Z,70.41,completed
10505,183,2023-07-28T22:45:57Z,48.55,completed
10678,97,2023-07-29T08:28:55Z,60.14,completed
11200,639,2023-07-29T09:20:50Z,33.54,completed
10121,927,2023-07-29T15:28:44Z,93.26,completed
10400,594,2023-07-29T16:17:01Z,61.15,completed
11432,505,2023-07-29T18:27:29Z,134.47,completed
11564,664,2023-07-29T18:32:32Z,93.0,completed
11270,446,2023-07-29T19:58:33Z,239.27,completed
11930,254,2023-07-29T20:39:32Z,49.47,completed
12896,243,2023-07-29T20:43:47Z,36.55,completed
10707,566,2023-07-29T20:57:31Z,35.04,completed
12709,728,2023-07-30T02:40:02Z,104.57,cancelled
10858,60,2023-07-30T03:58:23Z,63.05,completed
10883,399,2023-07-30T11:12:40Z,17.09,pending
13056,796,2023-07-30T15:44:32Z,53.37,cancelled
12734,340,2023-07-30T16:03:47Z,95.78,completed
12970,850,2023-07-30T19:22:14Z,75.36,completed
13446,608,2023-07-30T20:35:10Z,103.64,completed
11087,926,2023-07-31T07:30:38Z,36.05,completed
13304,675,2023-07-31T08:16:51Z,20.18,completed
12052,758,2023-07-31T10:15:49Z,32.3,completed
11530,909,2023-07-31T14:57:17Z,34.58,completed
13247,141,2023-07-31T15:21:52Z,152.17,completed
11109,480,2023-08-01T10:17:20Z,132.58,completed
10890,506,2023-08-01T17:20:03Z,22.27,completed
11146,420,2023-08-01T22:03:03Z,97.03,completed
11539,558,2023-08-02T17:03:42Z,60.14,completed
13373,959,2023-08-02T17:49:05Z,31.93,completed
12424,358,2023-08-02T19:45:07Z,61.9,completed
13218,153,2023-08-03T14:27:51Z,43.22,returned
11395,66,2023-08-03T16:08:50Z,66.54,pending
13153,510,2023-08-03T17:28:45Z,34.0,completed
10797,311,2023-08-03T18:03:26Z,70.1,completed
13116,340,2023-08-03T21:01:58Z,43.94,completed
11158,882,2023-08-03T22:02:42Z,31.68,completed
11945,623,2023-08-04T04:50:05Z,73.94,completed
12765,363,2023-08-04T08:07:33Z,86.53,completed
10293,177,2023-08-04T08:47:05Z,93.5,completed
12836,140,2023-08-04T22:06:19Z,71.94,pending
12004,926,2023-08-05T03:02:22Z,65.22,completed
10310,366,2023-08-05T05:51:51Z,53.43,completed
10472,878,2023-08-05T09:37:48Z,18.67,pending
12189,875,2023-08-05T10:32:00Z,18.9,completed
12885,363,2023-08-05T10:41:10Z,90.62,completed
10169,750,2023-08-05T11:07:25Z,84.69,cancelled
12243,844,2023-08-05T11:24:57Z,39.46,completed
12918,414,2023-08-05T12:44:10Z,33.09,completed
10035,9330,2023-08-05T16:49:50Z,116.95,returned
11004,608,2023-08-05T17:12:17Z,52.33,returned
12449,93,2023-08-05T18:12:29Z,34.38,completed
13204,46,2023-08-05T19:03:34Z,57.67,completed
11900,926,2023-08-06T11:11:05Z,46.87,completed
10763,783,2023-08-06T11:27:00Z,60.17,completed
12548,217,2023-08-06T11:49:09Z,90.33,completed
12401,240,2023-08-06T16:25:15Z,55.71,completed
13300,715,2023-08-06T16:36:52Z,64.56,completed
12890,68,2023-08-06T17:20:21Z,80.64,completed
12514,112,2023-08-07T08:02:39Z,55.88,completed
11326,486,2023-08-07T10:53:14Z,55.95,completed
12869,485,2023-08-07T19:00:46Z,88.53,completed
12849,924,2023-08-07T23:47:59Z,32.6,completed
10510,933,2023-08-08T06:37:30Z,44.0,pending
11546,957,2023-08-08T12:18:22Z,70.33,completed
10784,849,2023-08-08T14:29:36Z,20.15,completed
12049,24,2023-08-08T20:13:56Z,305.5,completed
11936,568,2023-08-09T08:42:38Z,54.18,completed
10546,912,2023-08-09T12:11:05Z,39.86,completed
11059,474,2023-08-09T14:23:51Z,35.39,completed
10665,682,2023-08-09T16:56:59Z,42.61,completed
12446,74,2023-08-09T19:15:25Z,17.72,completed
11473,164,2023-08-09T21:43:29Z,28.01,completed
12568,421,2023-08-09T21:58:42Z,67.9,returned
13050,697,2023-08-10T08:06:35Z,55.85,completed
13393,702,2023-08-10T11:11:26Z,151.42,completed
10219,91,2023-08-10T11:48:03Z,177.5,completed
10986,437,2023-08-10T13:25:02Z,47.68,completed
12452,622,2023-08-10T19:21:19Z,32.0,completed
12892,34,2023-08-10T19:45:48Z,40.55,returned
10075,770,2023-08-11T07:06:32Z,86.95,completed
11962,60,2023-08-11T12:06:17Z,94.81,completed
13261,675,2023-08-11T13:21:37Z,55.77,completed
12473,836,2023-08-11T14:31:08Z,79.34,completed
12595,733,2023-08-11T16:13:33Z,128.87,completed
10891,673,2023-08-11T17:55:37Z,41.76,completed
13302,385,2023-08-11T18:45:28Z,14.7,completed
11013,763,2023-08-11T20:36:42Z,58.57,returned
10429,620,2023-08-11T20:43:17Z,48.0,completed
12761,608,2023-08-12T09:18:50Z,102.18,completed
13241,875,2023-08-12T09:55:54Z,84.09,completed
12808,100,2023-08-12T12:47:49Z,70.92,completed
11182,171,2023-08-12T13:29:04Z,36.6,completed
10930,76,2023-08-12T14:06:09Z,62.23,completed
12026,410,2023-08-12T16:26:36Z,34.03,completed
12132,957,2023-08-12T18:07:17Z,80.44,pending
10756,791,2023-08-12T19:00:42Z,46.47,completed
12405,413,2023-08-13T05:30:18Z,69.67,completed
12188,844,2023-08-13T08:59:28Z,71.1,completed
10583,264,2023-08-13T10:12:35Z,62.8,completed
10888,547,2023-08-13T11:13:12Z,25.89,completed
13422,440,2023-08-13T12:28:48Z,18.64,completed
10073,248,2023-08-13T14:53:59Z,19.43,completed
12943,361,2023-08-13T19:19:45Z,61.56,completed
11848,340,2023-08-13T20:37:11Z,74.85,pending
10703,106,2023-08-14T09:01:14Z,67.56,completed
10962,271,2023-08-14T11:34:27Z,36.3,completed
11378,39,2023-08-14T16:13:48Z,185.55,returned
10389,604,2023-08-14T19:12:59Z,44.48,returned
10167,566,2023-08-14T20:58:47Z,24.07,cancelled
10683,926,2023-08-15T06:48:33Z,25.81,completed
11458,721,2023-08-15T07:03:25Z,-18.9,completed
12956,926,2023-08-15T09:28:44Z,131.0,completed
13101,510,2023-08-15T12:02:08Z,68.95,completed
12352,485,2023-08-15T14:06:13Z,33.35,completed
12904,841,2023-08-15T15:42:45Z,84.71,completed
10733,640,2023-08-15T20:10:52Z,74.75,cancelled
10512,396,2023-08-16T05:32:36Z,138.35,pending
11941,194,2023-08-16T12:56:14Z,125.62,completed
11284,492,2023-08-16T19:08:41Z,67.35,completed
11103,48,2023-08-17T07:18:39Z,38.04,completed
12685,854,2023-08-17T10:31:25Z,51.83,completed
10534,310,2023-08-17T12:12:53Z,75.06,completed
12186,697,2023-08-17T14:16:11Z,67.57,returned
10896,420,2023-08-18T06:51:18Z,56.82,completed
10728,252,2023-08-18T12:38:52Z,25.49,completed
12779,248,2023-08-18T13:07:06Z,102.92,completed
10140,426,2023-08-18T17:52:26Z,17.96,completed
13090,41,2023-08-18T19:16:42Z,65.68,completed
10933,238,2023-08-18T20:43:04Z,80.62,cancelled
13295,733,2023-08-19T09:20:24Z,76.92,completed
11782,447,2023-08-19T09:47:27Z,41.56,completed
10675,230,2023-08-19T16:33:32Z,22.18,pending
12127,293,2023-08-19T19:19:44Z,123.24,completed
10927,733,2023-08-19T19:34:50Z,48.99,returned
10011,9042,2023-08-19T20:21:24Z,20.37,completed
12393,501,2023-08-19T20:41:49Z,62.05,completed
11105,41,2023-08-19T22:08:24Z,48.34,completed
11939,271,2023-08-20T08:54:02Z,37.07,completed
11505,827,2023-08-20T09:34:25Z,32.36,completed
10582,728,2023-08-20T13:29:11Z,30.46,completed
13297,43,2023-08-20T15:17:49Z,36.22,completed
10609,115,2023-08-20T23:01:44Z,51.75,completed
11075,160,2023-08-21T06:09:01Z,33.91,completed
12901,756,2023-08-21T07:42:36Z,20.48,pending
12959,526,2023-08-21T09:32:32Z,75.18,completed
11338,396,2023-08-21T13:29:23Z,112.63,completed
10746,605,2023-08-21T17:46:44Z,46.26,completed
11667,414,2023-08-21T19:01:49Z,21.51,completed
11465,446,2023-08-21T21:20:35Z,60.19,completed
11447,768,2023-08-21T22:22:22Z,38.56,completed
12797,43,2023-08-22T05:41:36Z,67.01,completed
11934,922,2023-08-22T07:35:24Z,50.36,returned
10180,10,2023-08-22T07:43:36Z,120.4,completed
10974,12,2023-08-22T11:02:27Z,29.01,pending
12137,594,2023-08-22T11:24:32Z,67.3,cancelled
11796,262,2023-08-22T11:42:14Z,20.1,cancelled
12466,366,2023-08-22T12:41:48Z,113.6,completed
10639,907,2023-08-22T12:48:17Z,26.16,completed
11881,194,2023-08-22T15:29:52Z,68.74,completed
11975,34,2023-08-22T19:49:05Z,43.24,completed
11675,863,2023-08-23T06:55:08Z,76.96,pending
10966,897,2023-08-23T08:23:15Z,23.8,completed
10250,957,2023-08-23T19:50:26Z,81.64,completed
12858,10,2023-08-23T19:55:35Z,33.82,pending
12392,487,2023-08-24T03:41:07Z,40.32,completed
13252,926,2023-08-24T09:21:08Z,38.82,completed
11817,226,2023-08-24T11:38:46Z,37.73,completed
10176,15,2023-08-24T11:54:22Z,24.5,completed
10740,43,2023-08-24T12:06:14Z,74.59,completed
10786,898,2023-08-24T13:18:44Z,35.0,pending
13176,654,2023-08-24T14:11:55Z,79.12,completed
13370,928,2023-08-24T14:31:18Z,78.54,completed
12834,300,2023-08-24T20:39:24Z,63.47,completed
12597,928,2023-08-24T21:35:44Z,112.17,completed
10964,437,2023-08-25T06:46:57Z,37.2,completed
11394,432,2023-08-25T07:32:24Z,69.99,completed
11638,313,2023-08-25T09:35:57Z,29.54,completed
12783,284,2023-08-25T12:27:16Z,11.43,completed
11475,903,2023-08-25T13:06:37Z,35.42,completed
10969,865,2023-08-25T17:09:12Z,76.72,completed
10080,915,2023-08-25T18:15:20Z,43.66,completed
13006,454,2023-08-25T19:24:08Z,43.47,completed
13279,444,2023-08-25T19:30:01Z,105.43,completed
13453,697,2023-08-26T10:50:22Z,58.82,completed
11259,931,2023-08-26T15:37:57Z,70.72,completed
11800,121,2023-08-26T16:30:35Z,29.56,completed
12875,542,2023-08-26T19:03:36Z,69.37,pending
11814,928,2023-08-27T06:54:20Z,32.87,completed
12730,310,2023-08-27T07:44:53Z,60.74,completed
12820,91,2023-08-27T09:39:01Z,51.42,completed
11763,558,2023-08-27T11:29:43Z,47.53,completed
13089,171,2023-08-27T14:54:46Z,24.6,completed
11189,728,2023-08-27T16:14:25Z,64.46,completed
11290,313,2023-08-28T10:49:17Z,29.08,completed
12637,92,2023-08-28T14:38:07Z,64.4,completed
11704,629,2023-08-28T16:44:16Z,40.23,returned
10148,437,2023-08-28T17:57:52Z,30.56,completed
12880,534,2023-08-28T18:55:58Z,168.8,completed
12809,843,2023-08-29T08:07:52Z,40.12,completed
13308,49,2023-08-29T09:42:26Z,18.47,completed
10761,59,2023-08-29T13:01:06Z,84.86,completed
12717,292,2023-08-29T13:30:50Z,306.59,completed
10731,420,2023-08-29T13:47:25Z,30.12,completed
10602,353,2023-08-29T16:11:41Z,42.07,completed
11381,121,2023-08-29T16:48:49Z,70.4,completed
13161,601,2023-08-29T18:31:38Z,118.55,completed
11257,390,2023-08-29T19:50:16Z,70.98,completed
12033,202,2023-08-29T21:31:38Z,73.3,completed
13354,916,2023-08-29T23:47:36Z,198.3,completed
12259,283,2023-08-30T00:59:35Z,56.15,completed
13293,832,2023-08-30T07:51:19Z,37.7,completed
12961,758,2023-08-30T13:16:10Z,13.75,completed
10870,926,2023-08-30T18:53:08Z,33.4,completed
12094,480,2023-08-30T19:30:17Z,44.67,completed
10525,656,2023-08-30T19:32:13Z,60.61,pending
13338,601,2023-08-30T21:38:05Z,43.2,completed
11334,903,2023-08-31T08:42:18Z,210.21,completed
10754,393,2023-08-31T11:11:48Z,23.47,completed
10967,832,2023-08-31T14:48:46Z,109.53,completed
10356,7,2023-08-31T18:26:41Z,24.01,completed
11431,250,2023-09-01T11:45:12Z,111.46,completed
12021,542,2023-09-01T14:19:54Z,33.67,completed
10867,57,2023-09-01T15:45:07Z,45.83,pending
11226,2,2023-09-01T22:44:16Z,70.96,completed
11009,505,2023-09-02T06:34:05Z,43.57,completed
10701,594,2023-09-02T07:43:16Z,52.07,completed
12109,3,2023-09-02T10:07:38Z,66.9,completed
12232,955,2023-09-02T10:49:34Z,72.02,completed
10956,952,2023-09-02T11:33:31Z,62.21,cancelled
11855,519,2023-09-02T12:24:19Z,39.14,completed
11418,334,2023-09-02T14:58:17Z,97.43,completed
11923,903,2023-09-02T16:54:03Z,76.67,cancelled
12325,226,2023-09-02T17:28:08Z,0.0,completed
10568,211,2023-09-02T18:06:28Z,41.51,pending
11767,882,2023-09-02T18:15:45Z,43.71,completed
12211,542,2023-09-02T18:54:30Z,70.72,completed
10826,868,2023-09-02T23:19:22Z,115.23,completed
12537,892,2023-09-03T12:36:31Z,131.46,completed
11826,926,2023-09-03T16:17:44Z,106.91,completed
10143,677,2023-09-03T19:14:28Z,85.51,completed
12500,558,2023-09-04T09:42:38Z,30.38,completed
11469,501,2023-09-04T10:32:49Z,53.71,completed
11249,537,2023-09-04T12:17:14Z,42.69,pending
11604,349,2023-09-04T13:15:19Z,60.65,completed
11864,350,2023-09-04T14:01:19Z,84.48,completed
11877,346,2023-09-04T16:34:48Z,39.26,completed
10931,115,2023-09-04T19:39:48Z,24.53,pending
12861,426,2023-09-04T19:49:51Z,22.78,completed
10324,200,2023-09-04T22:52:26Z,27.6,completed
10785,513,2023-09-05T07:34:22Z,84.45,returned
11897,928,2023-09-05T08:57:22Z,15.44,completed
12708,768,2023-09-05T11:17:13Z,95.44,completed
12955,928,2023-09-05T13:08:11Z,29.2,completed
12589,147,2023-09-05T16:40:07Z,76.77,completed
11654,597,2023-09-05T19:19:30Z,30.99,completed
10742,768,2023-09-05T20:09:52Z,72.92,completed
12677,814,2023-09-06T06:43:19Z,57.68,cancelled
12795,309,2023-09-06T10:05:45Z,84.05,completed
12036,708,2023-09-06T13:13:53Z,92.6,completed
13266,250,2023-09-06T15:45:17Z,26.69,completed
12736,783,2023-09-06T17:09:49Z,123.84,pending
13229,763,2023-09-06T17:36:49Z,49.78,returned
11497,207,2023-09-06T18:03:13Z,45.99,completed
11133,784,2023-09-06T21:10:45Z,41.51,cancelled
10336,896,2023-09-07T05:33:50Z,115.44,completed
10594,514,2023-09-07T08:41:57Z,64.84,cancelled
11012,471,2023-09-07T12:40:58Z,52.28,completed
13008,779,2023-09-07T16:56:14Z,55.27,completed
13291,101,2023-09-07T17:56:45Z,85.81,completed
10091,174,2023-09-07T18:08:42Z,90.1,completed
11623,519,2023-09-07T19:18:45Z,37.13,completed
12598,91,2023-09-07T19:26:22Z,63.55,completed
12520,31,2023-09-07T19:54:39Z,154.49,completed
10723,513,2023-09-07T21:15:03Z,40.23,cancelled
10776,865,2023-09-07T21:33:51Z,51.68,completed
13022,359,2023-09-08T08:23:10Z,41.31,completed
11757,863,2023-09-08T12:06:18Z,65.34,completed
11142,115,2023-09-08T13:23:16Z,139.63,completed
13455,271,2023-09-08T15:41:26Z,71.19,completed
12128,898,2023-09-08T17:13:55Z,51.68,completed
11086,479,2023-09-08T17:58:11Z,111.91,completed
11647,283,2023-09-08T18:59:59Z,45.22,completed
10488,925,2023-09-08T19:38:44Z,18.26,pending
12221,912,2023-09-08T20:57:54Z,54.15,completed
10998,57,2023-09-09T09:47:24Z,14.55,completed
12915,93,2023-09-09T12:31:04Z,70.38,completed
11791,537,2023-09-09T13:05:26Z,42.36,completed
10136,57,2023-09-09T13:40:58Z,69.72,completed
10120,654,2023-09-09T13:53:53Z,46.84,completed
13016,200,2023-09-09T13:54:21Z,89.42,completed
10342,49,2023-09-09T15:10:38Z,94.15,completed
10995,382,2023-09-09T15:42:47Z,32.86,cancelled
12725,492,2023-09-09T17:15:17Z,45.96,completed
12055,73,2023-09-09T18:02:09Z,43.18,completed
13323,147,2023-09-09T18:49:45Z,16.98,completed
13190,299,2023-09-09T20:52:17Z,56.21,completed
11244,615,2023-09-10T02:06:18Z,99.47,completed
11768,763,2023-09-10T08:58:39Z,10.0,pending
10484,168,2023-09-10T09:47:07Z,17.88,cancelled
11852,358,2023-09-10T10:07:19Z,74.61,completed
10085,558,2023-09-10T10:36:09Z,30.29,returned
12905,106,2023-09-10T11:58:09Z,57.86,completed
10456,120,2023-09-10T12:10:54Z,167.04,completed
12592,148,2023-09-10T12:32:42Z,90.05,completed
10482,480,2023-09-10T16:29:34Z,38.44,cancelled
12411,366,2023-09-10T18:35:27Z,71.95,completed
11095,738,2023-09-10T21:51:54Z,138.75,completed
13360,322,2023-09-10T22:58:37Z,10.68,completed
13360,322,2023-09-10T22:58:37Z,10.68,pending
12428,348,2023-09-11T08:06:23Z,34.73,pending
12459,331,2023-09-11T11:08:21Z,60.03,pending
11225,469,2023-09-11T14:29:39Z,37.65,returned
13010,206,2023-09-11T16:18:20Z,115.51,completed
10330,763,2023-09-11T17:10:57Z,65.58,completed
11467,212,2023-09-11T19:33:52Z,52.62,completed
10475,733,2023-09-11T20:04:59Z,84.95,pending
12851,601,2023-09-12T12:11:19Z,40.01,completed
13359,542,2023-09-12T14:39:04Z,60.56,completed
10191,615,2023-09-12T21:41:13Z,88.44,completed
13224,733,2023-09-13T12:55:45Z,110.53,completed
11908,183,2023-09-13T13:51:43Z,74.89,completed
11844,470,2023-09-13T14:58:54Z,44.23,cancelled
12982,401,2023-09-13T18:11:11Z,77.13,completed
12582,785,2023-09-13T18:42:05Z,74.22,completed
11933,246,2023-09-13T19:14:37Z,51.95,completed
10373,220,2023-09-14T08:25:46Z,115.74,completed
10373,220,2023-09-14T08:25:46Z,133.1,completed
13042,898,2023-09-14T09:40:42Z,44.69,completed
12694,12,2023-09-14T10:05:36Z,80.21,returned
12713,786,2023-09-14T11:15:35Z,129.16,completed
11825,936,2023-09-14T11:38:00Z,28.58,completed
11049,79,2023-09-14T16:18:39Z,46.38,completed
12571,177,2023-09-14T16:52:02Z,35.48,completed
10503,148,2023-09-14T17:22:16Z,81.1,completed
10431,918,2023-09-14T18:49:22Z,28.02,pending
10067,471,2023-09-14T19:24:24Z,76.24,completed
13221,446,2023-09-14T20:45:47Z,38.28,completed
12999,768,2023-09-14T23:04:08Z,43.46,pending
12353,283,2023-09-15T10:54:51Z,59.9,cancelled
11217,178,2023-09-15T13:03:43Z,44.07,completed
12213,514,2023-09-15T16:33:58Z,34.56,completed
10141,909,2023-09-15T19:52:26Z,34.29,returned
11078,470,2023-09-15T22:05:27Z,112.42,completed
10737,569,2023-09-16T05:04:00Z,83.63,completed
13433,421,2023-09-16T05:27:11Z,43.04,completed
10590,251,2023-09-16T08:19:39Z,36.69,completed
10782,463,2023-09-16T09:07:10Z,137.16,completed
11784,444,2023-09-16T10:07:09Z,27.31,completed
10458,179,2023-09-16T12:11:08Z,70.44,completed
12366,535,2023-09-16T15:51:38Z,111.21,cancelled
10037,9438,2023-09-16T19:24:02Z,44.9,completed
12833,768,2023-09-16T19:28:53Z,64.94,completed
12102,745,2023-09-16T20:43:05Z,-18.65,completed
12258,259,2023-09-16T22:53:19Z,56.82,returned
11028,495,2023-09-17T06:12:18Z,45.94,pending
11892,652,2023-09-17T09:02:03Z,106.09,completed
10727,434,2023-09-17T11:47:48Z,99.81,cancelled
12591,220,2023-09-17T11:48:41Z,75.81,pending
12215,850,2023-09-17T14:20:55Z,102.22,completed
12920,542,2023-09-17T17:25:01Z,55.83,returned
11169,821,2023-09-17T20:07:58Z,44.84,completed
10112,594,2023-09-18T09:48:34Z,53.06,completed
11944,907,2023-09-18T12:19:17Z,206.39,completed
12363,405,2023-09-18T18:58:11Z,64.95,completed
12338,401,2023-09-18T21:13:34Z,33.18,completed
11380,359,2023-09-19T00:48:30Z,28.09,completed
12156,487,2023-09-19T11:29:15Z,55.66,completed
11758,348,2023-09-19T15:21:55Z,58.25,completed
11544,315,2023-09-19T17:28:01Z,40.02,completed
11903,741,2023-09-19T17:34:10Z,26.79,completed
11312,3,2023-09-19T18:46:03Z,28.87,completed
13191,753,2023-09-20T00:48:17Z,72.92,cancelled
12631,302,2023-09-20T12:44:24Z,56.1,cancelled
12964,181,2023-09-20T13:35:50Z,32.77,completed
13458,194,2023-09-20T14:10:18Z,37.41,pending
11846,444,2023-09-20T15:55:05Z,92.33,completed
11989,601,2023-09-20T16:56:55Z,41.72,completed
13026,10,2023-09-20T19:04:24Z,23.45,returned
11260,183,2023-09-20T19:59:31Z,47.0,completed
11320,731,2023-09-20T20:56:02Z,79.79,completed
10471,830,2023-09-21T06:05:22Z,55.49,pending
10589,652,2023-09-21T08:08:43Z,78.0,completed
11076,497,2023-09-21T08:25:43Z,133.93,completed
10932,668,2023-09-21T10:32:56Z,70.99,returned
10631,9,2023-09-21T13:36:37Z,58.61,completed
12547,109,2023-09-21T15:19:29Z,67.5,completed
10652,653,2023-09-21T16:41:05Z,13.01,completed
12252,164,2023-09-21T23:16:06Z,39.3,completed
10807,179,2023-09-22T08:21:55Z,27.6,completed
12060,652,2023-09-22T08:47:00Z,14.75,completed
10654,47,2023-09-22T15:14:22Z,43.65,completed
12760,621,2023-09-22T18:20:15Z,37.48,completed
12874,405,2023-09-22T19:42:43Z,54.83,completed
12163,174,2023-09-22T19:47:07Z,17.76,completed
13060,184,2023-09-22T20:04:15Z,66.17,completed
12441,17,2023-09-22T22:59:33Z,130.07,pending
11183,370,2023-09-23T06:38:20Z,76.97,pending
13020,115,2023-09-23T07:36:27Z,95.69,completed
11035,912,2023-09-23T09:03:23Z,143.33,completed
12530,463,2023-09-23T09:39:21Z,52.17,completed
11174,73,2023-09-23T12:02:43Z,47.94,completed
10353,412,2023-09-23T12:19:36Z,71.49,completed
10164,850,2023-09-23T12:29:44Z,91.65,completed
12935,113,2023-09-23T12:29:53Z,29.41,completed
11147,79,2023-09-23T14:06:33Z,51.83,completed
11646,134,2023-09-23T16:10:41Z,127.7,completed
12600,57,2023-09-23T18:58:01Z,64.83,cancelled
10093,281,2023-09-23T20:05:15Z,201.18,cancelled
11026,653,2023-09-23T21:06:43Z,35.38,completed
11125,52,2023-09-24T07:40:17Z,67.98,completed
13259,641,2023-09-24T07:47:51Z,43.05,completed
10721,925,2023-09-24T10:14:53Z,77.84,completed
12183,685,2023-09-24T12:16:43Z,102.26,completed
13365,211,2023-09-24T14:38:08Z,28.9,completed
12097,437,2023-09-24T18:45:36Z,65.04,completed
13173,183,2023-09-24T22:35:36Z,32.49,completed
10294,146,2023-09-25T04:21:58Z,99.76,completed
11444,221,2023-09-25T09:30:54Z,103.59,completed
10470,469,2023-09-25T11:12:17Z,57.61,completed
13374,897,2023-09-25T14:46:07Z,31.52,completed
12825,159,2023-09-25T15:27:57Z,32.44,completed
10020,9233,2023-09-25T18:15:03Z,61.71,pending
13087,266,2023-09-25T18:51:08Z,62.23,completed
11805,454,2023-09-25T20:26:10Z,17.46,completed
13364,502,2023-09-26T10:50:46Z,48.28,completed
13364,502,2023-09-26T10:51:32Z,48.28,completed
12081,928,2023-09-26T11:09:56Z,65.92,completed
10556,2,2023-09-26T12:36:10Z,22.7,completed
13301,49,2023-09-26T15:14:34Z,19.39,completed
11206,15,2023-09-26T17:13:31Z,47.62,completed
11299,936,2023-09-26T23:49:27Z,63.8,completed
13340,854,2023-09-27T05:44:39Z,56.32,completed
10454,267,2023-09-27T08:10:30Z,28.88,completed
11372,537,2023-09-27T08:34:23Z,53.68,completed
11946,469,2023-09-27T08:49:27Z,81.84,pending
11328,479,2023-09-27T14:05:47Z,61.16,pending
10979,514,2023-09-27T14:37:39Z,105.57,completed
11622,20,2023-09-27T19:20:11Z,116.59,completed
12724,292,2023-09-27T19:44:21Z,95.19,returned
11744,78,2023-09-27T19:57:16Z,53.06,completed
12320,183,2023-09-28T07:31:50Z,46.41,completed
12114,369,2023-09-28T13:04:37Z,82.11,completed
12542,620,2023-09-28T14:04:02Z,22.72,completed
10921,863,2023-09-28T19:04:53Z,30.18,returned
10942,925,2023-09-28T22:40:43Z,52.91,completed
10401,801,2023-09-29T12:39:15Z,90.64,completed
12175,211,2023-09-29T14:33:51Z,37.98,pending
10230,708,2023-09-29T15:58:00Z,92.35,completed
11084,322,2023-09-29T16:01:41Z,15.49,pending
12522,697,2023-09-29T16:28:08Z,116.85,completed
12830,146,2023-09-29T16:50:31Z,21.73,completed
11273,594,2023-09-29T17:39:41Z,63.91,completed
12575,668,2023-09-30T00:01:44Z,19.7,completed
11221,655,2023-09-30T06:14:29Z,44.38,completed
11977,148,2023-09-30T14:34:29Z,120.91,completed
10659,637,2023-09-30T20:53:26Z,40.3,completed
10520,928,2023-10-01T07:15:01Z,66.66,completed
10348,32,2023-10-01T11:26:00Z,41.3,completed
12145,931,2023-10-01T11:31:29Z,56.95,completed
11839,49,2023-10-01T12:49:18Z,54.06,completed
13104,405,2023-10-01T13:06:50Z,87.67,completed
12064,517,2023-10-01T13:27:04Z,101.25,completed
13465,447,2023-10-01T13:47:02Z,76.0,completed
13234,237,2023-10-01T15:06:14Z,146.12,completed
12054,418,2023-10-01T15:12:11Z,24.39,returned
12922,340,2023-10-01T16:03:51Z,93.29,completed
10493,620,2023-10-01T17:19:31Z,86.7,cancelled
10199,47,2023-10-01T17:20:34Z,17.35,returned
10780,653,2023-10-01T18:58:05Z,29.45,completed
13287,348,2023-10-01T19:12:11Z,39.26,completed
12205,271,2023-10-01T19:15:15Z,87.54,completed
12512,271,2023-10-01T20:17:06Z,16.34,completed
11542,703,2023-10-01T20:47:49Z,13.47,completed
13114,796,2023-10-01T23:11:11Z,33.79,completed
10258,764,2023-10-02T02:47:55Z,56.26,completed
11391,887,2023-10-02T06:37:28Z,16.24,completed
12210,898,2023-10-02T10:25:02Z,34.9,completed
12140,95,2023-10-02T11:25:03Z,75.49,completed
12507,880,2023-10-02T12:02:04Z,26.15,completed
10179,237,2023-10-02T14:09:36Z,67.49,completed
12410,337,2023-10-02T16:22:05Z,25.09,completed
10286,948,2023-10-03T11:21:42Z,51.32,completed
10853,471,2023-10-03T12:15:15Z,99.58,completed
13269,791,2023-10-03T12:56:27Z,105.14,completed
10203,810,2023-10-03T13:49:58Z,65.58,completed
11406,537,2023-10-03T15:03:30Z,17.61,completed
10943,675,2023-10-03T17:56:36Z,173.28,returned
10071,905,2023-10-03T18:43:41Z,82.64,completed
10619,685,2023-10-03T19:45:06Z,28.1,completed
10619,685,2023-10-03T19:49:11Z,28.1,completed
10839,230,2023-10-04T09:52:34Z,69.31,completed
11556,521,2023-10-04T11:26:01Z,35.37,completed
10369,302,2023-10-04T13:28:05Z,40.42,completed
10266,764,2023-10-04T15:44:57Z,60.86,completed
11895,613,2023-10-04T15:48:58Z,39.35,completed
10996,576,2023-10-04T16:40:25Z,94.78,pending
12633,921,2023-10-04T17:18:51Z,0.0,completed
11150,892,2023-10-04T21:28:16Z,33.98,completed
12752,758,2023-10-05T06:51:16Z,39.69,completed
10570,835,2023-10-05T11:12:08Z,76.96,completed
11227,11,2023-10-05T12:06:49Z,75.93,completed
10744,131,2023-10-05T15:18:40Z,113.27,completed
10245,803,2023-10-05T20:08:20Z,50.62,cancelled
11129,884,2023-10-06T07:33:27Z,52.84,completed
12323,605,2023-10-06T08:18:08Z,138.57,completed
13012,29,2023-10-06T12:16:05Z,20.99,completed
11963,152,2023-10-06T13:31:05Z,44.89,completed
11937,266,2023-10-06T13:37:28Z,68.9,completed
11246,226,2023-10-06T13:39:30Z,52.37,completed
12732,884,2023-10-06T16:32:02Z,75.47,completed
11072,753,2023-10-06T18:12:42Z,15.22,completed
13041,637,2023-10-06T19:09:48Z,432.38,pending
12084,810,2023-10-06T19:27:25Z,31.59,completed
12754,76,2023-10-06T19:48:22Z,73.28,pending
10862,78,2023-10-07T08:53:22Z,21.85,completed
11847,174,2023-10-07T10:09:25Z,30.8,completed
13068,15,2023-10-07T13:42:02Z,55.19,completed
12649,721,2023-10-07T14:01:19Z,68.25,completed
10663,803,2023-10-07T14:39:15Z,154.53,completed
12573,447,2023-10-07T15:00:09Z,82.48,cancelled
10386,898,2023-10-07T17:28:42Z,20.16,completed
10717,907,2023-10-07T20:47:36Z,43.15,completed
11827,492,2023-10-07T20:56:28Z,53.01,completed
12129,110,2023-10-07T22:28:12Z,31.81,completed
12218,781,2023-10-08T00:17:11Z,83.83,completed
13214,492,2023-10-08T06:35:37Z,33.5,completed
11673,936,2023-10-08T08:15:33Z,46.96,completed
12651,927,2023-10-08T17:23:23Z,25.84,completed
11021,131,2023-10-08T17:59:27Z,25.99,completed
11548,135,2023-10-08T21:16:05Z,37.35,completed
13387,884,2023-10-08T22:19:56Z,31.19,completed
13318,905,2023-10-09T14:59:46Z,72.88,completed
12495,313,2023-10-09T15:14:36Z,55.44,completed
11081,948,2023-10-09T15:50:47Z,85.41,returned
11533,347,2023-10-09T16:26:35Z,48.69,pending
11894,958,2023-10-09T16:47:43Z,75.91,completed
10828,757,2023-10-10T04:59:10Z,56.55,completed
11448,768,2023-10-10T08:00:26Z,30.48,completed
12476,284,2023-10-10T11:10:38Z,22.3,completed
11108,843,2023-10-10T15:01:04Z,31.04,returned
13034,652,2023-10-10T19:29:31Z,23.81,completed
13181,256,2023-10-10T19:30:53Z,42.87,completed
13339,220,2023-10-10T21:32:11Z,99.3,completed
11570,860,2023-10-10T21:54:16Z,50.49,completed
11928,212,2023-10-11T11:22:45Z,37.02,completed
11203,110,2023-10-11T12:08:43Z,52.8,completed
11658,133,2023-10-11T12:13:57Z,30.1,completed
12907,652,2023-10-11T12:52:07Z,61.95,completed
11366,73,2023-10-11T15:37:48Z,85.22,completed
11878,753,2023-10-11T16:09:03Z,59.62,completed
12946,28,2023-10-11T17:15:33Z,42.56,completed
11368,845,2023-10-11T17:53:22Z,156.79,completed
12201,762,2023-10-11T18:27:27Z,57.26,completed
10579,237,2023-10-11T19:31:05Z,114.92,completed
12930,597,2023-10-12T07:00:52Z,70.73,completed
10627,635,2023-10-12T10:33:32Z,35.78,completed
12321,502,2023-10-12T12:09:39Z,63.78,completed
13388,31,2023-10-12T14:04:15Z,93.23,completed
12389,175,2023-10-12T14:04:25Z,42.32,returned
13019,17,2023-10-12T15:44:15Z,131.14,completed
10827,756,2023-10-12T16:59:39Z,87.23,completed
13380,266,2023-10-12T17:12:53Z,37.83,completed
10846,635,2023-10-12T19:54:23Z,70.0,completed
11879,360,2023-10-12T21:21:51Z,52.25,completed
11968,630,2023-10-13T05:37:26Z,76.12,completed
11071,179,2023-10-13T08:04:38Z,25.8,completed
10354,745,2023-10-13T08:58:04Z,32.88,returned
12008,216,2023-10-13T12:26:58Z,110.28,completed
11806,727,2023-10-13T16:35:25Z,110.56,completed
13194,78,2023-10-13T20:56:28Z,47.77,completed
10593,638,2023-10-14T08:05:38Z,20.33,returned
12562,399,2023-10-14T09:52:37Z,22.69,completed
10693,717,2023-10-14T11:49:53Z,51.85,completed
11229,635,2023-10-14T13:38:18Z,65.64,completed
13315,248,2023-10-14T16:16:06Z,69.11,completed
12835,401,2023-10-14T17:27:54Z,35.37,cancelled
10306,784,2023-10-14T18:34:34Z,42.05,completed
11140,814,2023-10-14T19:01:47Z,31.62,completed
11502,426,2023-10-14T20:40:01Z,123.04,completed
11618,451,2023-10-15T09:41:09Z,129.99,completed
11104,516,2023-10-15T10:23:32Z,26.15,returned
13431,638,2023-10-15T11:42:39Z,57.72,completed
12111,738,2023-10-15T14:33:45Z,110.32,completed
11077,900,2023-10-15T17:47:36Z,17.66,completed
12031,177,2023-10-15T18:48:25Z,158.6,completed
11574,690,2023-10-15T19:30:34Z,124.39,completed
13376,717,2023-10-16T08:07:11Z,93.18,completed
11093,813,2023-10-16T08:42:30Z,67.95,completed
10246,769,2023-10-16T09:01:12Z,25.45,completed
12280,785,2023-10-16T15:07:38Z,55.35,pending
12578,944,2023-10-16T18:21:16Z,85.77,completed
10982,922,2023-10-16T19:54:01Z,115.77,completed
10772,424,2023-10-16T20:59:39Z,23.41,completed
10352,174,2023-10-16T21:09:30Z,94.2,completed
11876,246,2023-10-16T21:57:19Z,53.73,completed
11145,399,2023-10-16T22:05:21Z,71.79,completed
12914,706,2023-10-17T05:27:32Z,58.84,completed
12458,41,2023-10-17T06:18:15Z,69.86,returned
10321,692,2023-10-17T09:39:32Z,10.0,completed
10611,923,2023-10-17T10:25:36Z,58.76,completed
13457,638,2023-10-17T19:49:13Z,0.0,completed
10898,656,2023-10-17T20:00:15Z,21.21,completed
12107,463,2023-10-17T21:50:13Z,23.4,completed
10914,485,2023-10-18T02:27:38Z,40.59,completed
11337,3,2023-10-18T05:26:09Z,67.94,completed
13177,559,2023-10-18T09:36:55Z,21.66,pending
11754,958,2023-10-18T10:28:55Z,29.88,completed
12570,8,2023-10-18T17:15:18Z,28.37,cancelled
12395,131,2023-10-18T17:16:01Z,53.12,returned
11684,884,2023-10-18T17:42:19Z,32.88,pending
10840,519,2023-10-18T18:28:31Z,43.51,completed
12138,113,2023-10-18T19:25:15Z,55.33,pending
12309,881,2023-10-19T06:29:36Z,56.1,completed
13076,124,2023-10-19T09:14:43Z,64.4,completed
11405,82,2023-10-19T10:38:50Z,-48.58,completed
10103,668,2023-10-19T15:41:25Z,54.14,cancelled
12748,200,2023-10-19T15:45:39Z,41.53,completed
12873,830,2023-10-19T15:56:02Z,43.43,pending
12147,769,2023-10-19T17:23:06Z,51.03,pending
10422,683,2023-10-19T18:40:31Z,91.52,cancelled
10165,807,2023-10-19T19:52:15Z,126.55,completed
11532,502,2023-10-19T20:42:06Z,62.33,completed
12670,463,2023-10-19T20:50:33Z,61.26,completed
10338,958,2023-10-20T08:16:21Z,64.6,completed
12294,13,2023-10-20T10:46:08Z,75.6,completed
11370,3,2023-10-20T11:13:00Z,73.28,completed
10770,888,2023-10-20T13:36:11Z,35.98,completed
10509,886,2023-10-20T14:54:19Z,29.71,completed
10884,165,2023-10-20T16:57:29Z,186.32,completed
11807,471,2023-10-20T18:38:10Z,45.93,returned
12234,7,2023-10-20T19:38:53Z,101.07,completed
10122,502,2023-10-20T19:51:45Z,79.05,completed
10225,266,2023-10-20T23:57:49Z,59.16,completed
12078,550,2023-10-21T08:12:03Z,68.03,completed
13217,281,2023-10-21T09:21:51Z,32.08,cancelled
13091,307,2023-10-21T09:48:01Z,40.32,completed
10404,956,2023-10-21T10:48:35Z,217.29,returned
11359,152,2023-10-21T14:02:58Z,28.46,completed
13271,746,2023-10-21T17:22:14Z,44.05,completed
10989,751,2023-10-21T17:34:36Z,68.99,completed
10473,449,2023-10-21T20:33:11Z,68.41,returned
11886,203,2023-10-21T21:12:14Z,22.79,completed
12509,496,2023-10-22T08:13:54Z,28.95,completed
13366,684,2023-10-22T10:07:01Z,58.93,cancelled
12993,298,2023-10-22T11:09:01Z,63.92,completed
10427,903,2023-10-22T11:41:32Z,60.66,returned
10057,828,2023-10-22T12:45:32Z,183.58,completed
12517,155,2023-10-22T14:34:35Z,29.27,completed
12876,175,2023-10-22T17:14:05Z,34.29,completed
11097,298,2023-10-22T17:14:58Z,61.67,completed
10414,356,2023-10-22T18:20:25Z,35.33,completed
11023,936,2023-10-22T19:13:09Z,59.97,completed
12319,634,2023-10-22T22:17:56Z,46.33,completed
10208,345,2023-10-22T22:35:13Z,178.57,completed
12412,24,2023-10-22T22:55:53Z,120.87,completed
12001,948,2023-10-23T06:51:21Z,97.65,pending
11779,764,2023-10-23T11:34:05Z,53.11,completed
13069,828,2023-10-23T15:01:09Z,50.49,returned
11354,655,2023-10-23T17:19:45Z,27.37,completed
10574,212,2023-10-23T17:30:08Z,76.29,completed
11283,683,2023-10-23T19:08:40Z,33.93,completed
12406,175,2023-10-23T21:34:09Z,62.41,completed
10202,325,2023-10-24T06:35:31Z,58.94,completed
11088,710,2023-10-24T10:39:50Z,107.32,completed
10365,419,2023-10-24T10:48:53Z,10.0,completed
12292,391,2023-10-24T11:54:28Z,14.09,completed
10276,647,2023-10-24T12:31:57Z,42.1,pending
10973,664,2023-10-24T17:15:27Z,16.26,completed
11110,131,2023-10-24T18:16:41Z,-124.84,completed
11003,845,2023-10-24T18:57:00Z,89.24,completed
10452,525,2023-10-25T08:24:08Z,41.9,completed
10261,36,2023-10-25T08:59:39Z,38.04,completed
10676,269,2023-10-25T11:23:38Z,48.67,completed
13044,806,2023-10-25T14:15:11Z,105.13,completed
12663,708,2023-10-25T19:28:31Z,71.49,completed
11385,302,2023-10-25T20:24:57Z,143.76,completed
10126,783,2023-10-26T05:48:32Z,83.87,completed
10620,720,2023-10-26T05:51:01Z,105.31,completed
12493,396,2023-10-26T09:25:43Z,39.68,completed
10415,20,2023-10-26T10:20:50Z,71.45,completed
10661,219,2023-10-27T06:33:19Z,67.02,pending
10213,710,2023-10-27T09:24:27Z,85.28,completed
10418,675,2023-10-27T10:33:12Z,108.11,completed
10560,152,2023-10-27T12:31:21Z,54.61,completed
11098,491,2023-10-27T12:58:04Z,160.2,completed
10952,322,2023-10-27T12:59:22Z,30.24,completed
12083,376,2023-10-27T14:38:59Z,190.8,cancelled
12239,219,2023-10-27T14:54:24Z,38.22,completed
10489,635,2023-10-27T15:42:36Z,83.76,completed
12095,440,2023-10-27T17:12:14Z,75.06,completed
12949,525,2023-10-27T18:17:11Z,21.98,completed
12949,525,2023-10-27T18:17:11Z,0.0,cancelled
10732,372,2023-10-27T22:27:01Z,53.37,completed
10988,213,2023-10-28T00:48:48Z,25.78,completed
10988,213,2023-10-28T00:48:48Z,0.0,cancelled
13013,119,2023-10-28T08:43:29Z,-30.47,completed
10904,711,2023-10-28T08:57:55Z,75.8,completed
12913,819,2023-10-28T10:49:15Z,44.1,completed
10171,296,2023-10-28T10:50:01Z,35.8,completed
11650,377,2023-10-28T11:48:10Z,44.09,completed
10832,220,2023-10-28T12:41:11Z,23.05,completed
10643,802,2023-10-28T13:40:17Z,58.01,completed
13226,641,2023-10-28T15:02:54Z,44.44,pending
12263,307,2023-10-28T15:23:43Z,27.27,pending
12655,414,2023-10-28T16:53:42Z,52.92,completed
11581,131,2023-10-28T17:57:23Z,55.67,completed
12464,713,2023-10-28T19:50:36Z,141.28,completed
10972,588,2023-10-28T20:15:53Z,107.73,completed
10912,845,2023-10-28T21:32:21Z,54.63,completed
11640,848,2023-10-28T22:51:30Z,28.38,pending
10062,390,2023-10-29T08:32:18Z,37.17,returned
11974,323,2023-10-29T11:29:37Z,91.25,completed
13093,819,2023-10-29T12:37:33Z,31.78,completed
12012,235,2023-10-29T12:40:30Z,11.63,completed
11799,886,2023-10-29T14:35:25Z,52.37,completed
11659,4,2023-10-29T18:48:35Z,21.46,completed
10662,925,2023-10-30T06:50:13Z,85.07,completed
11493,960,2023-10-30T08:01:55Z,83.56,completed
12359,357,2023-10-30T08:08:10Z,37.13,pending
11914,110,2023-10-30T08:51:55Z,34.88,pending
11594,203,2023-10-30T09:24:50Z,24.68,cancelled
12024,717,2023-10-30T11:17:22Z,28.63,completed
10360,287,2023-10-30T13:02:07Z,55.14,completed
12367,886,2023-10-30T14:08:01Z,75.12,completed
10094,287,2023-10-30T14:29:59Z,63.73,returned
11773,833,2023-10-30T14:39:55Z,39.46,completed
11429,948,2023-10-30T18:05:29Z,70.24,completed
10758,641,2023-10-30T18:12:56Z,28.96,completed
10729,537,2023-10-30T18:59:30Z,56.38,completed
11476,133,2023-10-30T23:24:45Z,17.81,completed
13121,496,2023-10-31T08:12:52Z,46.39,completed
11044,113,2023-10-31T08:32:08Z,61.98,completed
11014,34,2023-10-31T11:38:26Z,72.72,completed
10413,460,2023-10-31T13:00:59Z,119.86,completed
10413,460,2023-10-31T13:00:59Z,0.0,cancelled
11124,568,2023-10-31T13:19:43Z,97.65,completed
13345,62,2023-10-31T16:03:07Z,120.19,pending
11688,947,2023-10-31T16:44:39Z,43.78,completed
12716,717,2023-10-31T18:41:04Z,56.25,completed
10273,525,2023-11-01T06:17:40Z,79.73,completed
12035,467,2023-11-01T07:45:33Z,92.16,completed
12776,892,2023-11-01T09:15:14Z,120.08,completed
10975,324,2023-11-01T10:00:49Z,135.1,completed
13381,813,2023-11-01T11:16:24Z,80.47,completed
11708,772,2023-11-01T11:18:00Z,33.26,completed
12134,757,2023-11-01T11:47:01Z,232.46,completed
12763,713,2023-11-01T14:24:28Z,27.88,completed
11960,119,2023-11-01T15:14:39Z,63.94,completed
10480,32,2023-11-01T16:23:38Z,37.86,completed
12277,220,2023-11-01T16:59:23Z,29.55,completed
13277,129,2023-11-01T17:19:13Z,56.8,completed
11186,103,2023-11-01T18:37:20Z,60.96,completed
11815,727,2023-11-01T19:51:59Z,-28.44,completed
10038,9251,2023-11-01T19:58:46Z,19.42,completed
12125,155,2023-11-01T20:16:11Z,44.48,completed
10453,630,2023-11-01T20:55:52Z,148.81,pending
12375,577,2023-11-02T04:32:05Z,127.59,completed
10708,471,2023-11-02T06:10:06Z,79.01,pending
12929,923,2023-11-02T08:11:54Z,161.24,completed
12444,525,2023-11-02T08:17:16Z,38.61,completed
12864,376,2023-11-02T09:32:36Z,53.57,completed
11149,335,2023-11-02T14:42:37Z,47.94,completed
10463,164,2023-11-02T16:05:47Z,10.0,returned
12174,727,2023-11-02T18:34:17Z,21.02,returned
11572,525,2023-11-02T18:42:02Z,22.01,cancelled
12545,179,2023-11-02T20:08:33Z,66.61,completed
10367,537,2023-11-02T21:05:10Z,108.56,completed
13384,941,2023-11-03T06:26:08Z,43.01,completed
13270,936,2023-11-03T08:51:11Z,63.7,completed
12738,576,2023-11-03T08:57:09Z,23.49,returned
12044,710,2023-11-03T10:20:32Z,53.58,completed
10713,692,2023-11-03T11:20:00Z,46.04,completed
13404,624,2023-11-03T11:21:59Z,44.57,cancelled
10685,155,2023-11-03T13:46:13Z,73.02,completed
10478,258,2023-11-03T15:49:44Z,25.32,completed
12472,246,2023-11-03T17:34:06Z,51.92,completed
12209,175,2023-11-03T18:15:10Z,51.03,completed
11726,10,2023-11-03T18:23:30Z,75.37,returned
10813,828,2023-11-03T19:31:53Z,31.17,completed
12347,524,2023-11-03T21:59:23Z,22.66,completed
12648,815,2023-11-03T22:38:51Z,45.89,completed
11256,845,2023-11-04T05:15:09Z,24.38,completed
12682,630,2023-11-04T06:55:33Z,117.05,completed
12942,620,2023-11-04T07:31:54Z,45.5,completed
10175,166,2023-11-04T07:52:11Z,50.09,completed
11415,110,2023-11-04T07:58:59Z,72.83,returned
11459,372,2023-11-04T09:33:03Z,100.36,completed
12119,828,2023-11-04T09:56:36Z,27.83,completed
11085,525,2023-11-04T11:06:06Z,109.92,completed
10402,287,2023-11-04T11:09:17Z,107.87,completed
11377,20,2023-11-04T11:36:00Z,36.54,completed
10535,444,2023-11-04T11:56:51Z,72.12,cancelled
11116,559,2023-11-04T13:36:52Z,63.68,pending
11952,658,2023-11-04T13:40:30Z,80.89,completed
12346,903,2023-11-04T14:08:54Z,26.2,completed
12687,944,2023-11-04T14:14:19Z,162.86,returned
13133,179,2023-11-04T14:24:55Z,43.41,completed
10054,224,2023-11-04T14:36:13Z,33.62,completed
11842,836,2023-11-04T17:33:08Z,43.59,completed
10084,788,2023-11-04T18:21:48Z,31.77,completed
10757,525,2023-11-04T19:26:46Z,24.16,completed
11211,900,2023-11-04T20:27:06Z,103.75,completed
10159,648,2023-11-04T22:05:24Z,31.4,completed
11644,264,2023-11-05T06:39:21Z,114.06,completed
11492,258,2023-11-05T09:31:09Z,46.22,completed
11555,802,2023-11-05T09:31:33Z,63.62,pending
11555,802,2023-11-05T09:31:33Z,0.0,cancelled
12842,542,2023-11-05T09:51:57Z,34.23,pending
12511,401,2023-11-05T09:56:04Z,37.36,completed
10263,550,2023-11-05T10:20:21Z,82.97,completed
11433,495,2023-11-05T10:38:04Z,96.36,returned
10311,661,2023-11-05T11:41:14Z,61.35,completed
10559,195,2023-11-05T11:54:43Z,35.04,completed
11425,550,2023-11-05T12:07:23Z,58.51,completed
12142,79,2023-11-05T13:00:35Z,80.03,completed
11155,944,2023-11-05T13:42:50Z,54.35,completed
12172,251,2023-11-05T13:56:12Z,38.84,returned
10387,439,2023-11-05T15:07:44Z,41.14,completed
11261,667,2023-11-05T15:49:51Z,26.63,cancelled
12947,366,2023-11-05T16:02:58Z,18.44,completed
12434,547,2023-11-05T16:16:04Z,58.83,completed
13117,563,2023-11-05T16:34:24Z,29.38,completed
10985,19,2023-11-05T16:58:44Z,89.69,completed
11446,900,2023-11-05T16:59:56Z,87.24,completed
10172,131,2023-11-05T17:36:17Z,29.45,completed
10667,359,2023-11-05T18:28:38Z,123.3,completed
13392,550,2023-11-05T18:35:25Z,67.87,completed
10357,641,2023-11-05T20:54:31Z,72.07,completed
11790,461,2023-11-05T20:56:06Z,39.58,completed
10069,899,2023-11-06T08:33:50Z,26.16,completed
11236,287,2023-11-06T09:27:21Z,71.39,completed
11715,621,2023-11-06T11:16:35Z,48.72,completed
11813,315,2023-11-06T11:55:57Z,75.45,completed
10153,720,2023-11-06T13:55:58Z,42.76,completed
12608,374,2023-11-06T15:23:57Z,70.69,completed
10614,598,2023-11-06T15:55:10Z,34.55,completed
11587,713,2023-11-06T16:31:46Z,63.21,completed
10144,133,2023-11-06T17:33:22Z,79.04,completed
12976,144,2023-11-06T18:36:00Z,26.98,completed
10876,147,2023-11-06T19:16:53Z,34.2,completed
10441,407,2023-11-06T20:09:05Z,37.04,completed
11970,56,2023-11-06T20:23:56Z,77.66,returned
12355,83,2023-11-06T20:31:01Z,23.54,completed
11507,531,2023-11-06T20:49:04Z,97.89,completed
12112,452,2023-11-06T23:46:51Z,58.32,completed
10584,75,2023-11-07T01:32:37Z,27.5,completed
11058,439,2023-11-07T04:06:11Z,80.56,pending
12827,874,2023-11-07T05:12:29Z,124.93,completed
12841,39,2023-11-07T06:20:49Z,60.49,cancelled
10231,612,2023-11-07T10:04:38Z,39.32,completed
13122,380,2023-11-07T10:35:11Z,38.95,completed
10195,900,2023-11-07T11:33:30Z,51.26,completed
12200,391,2023-11-07T12:23:35Z,67.12,completed
11162,727,2023-11-07T13:12:21Z,49.32,cancelled
11739,885,2023-11-07T13:37:05Z,62.93,completed
12828,934,2023-11-07T14:45:17Z,90.79,completed
11645,760,2023-11-07T16:57:49Z,115.72,completed
11593,195,2023-11-07T17:07:12Z,21.79,cancelled
11219,111,2023-11-07T17:54:57Z,86.94,completed
10104,731,2023-11-07T18:25:05Z,53.0,completed
11126,444,2023-11-07T19:50:49Z,30.27,completed
10279,119,2023-11-07T20:28:29Z,74.44,completed
10963,707,2023-11-07T21:28:10Z,40.54,pending
11232,4,2023-11-08T04:17:57Z,134.08,completed
12438,54,2023-11-08T07:18:55Z,75.18,completed
10730,30,2023-11-08T08:35:50Z,22.27,completed
11976,194,2023-11-08T10:46:24Z,69.35,completed
10823,377,2023-11-08T13:04:27Z,118.77,completed
13450,710,2023-11-08T13:40:44Z,48.6,completed
11185,396,2023-11-08T14:04:05Z,0.0,completed
10564,151,2023-11-08T14:22:14Z,104.88,completed
12629,884,2023-11-08T14:45:01Z,51.17,completed
12467,287,2023-11-08T15:18:05Z,44.39,completed
12345,345,2023-11-08T15:49:38Z,56.98,completed
10562,956,2023-11-08T19:19:02Z,32.54,completed
13436,684,2023-11-08T21:50:03Z,19.12,completed
12775,20,2023-11-09T05:57:49Z,80.28,completed
13206,151,2023-11-09T08:37:58Z,49.47,completed
11775,891,2023-11-09T08:46:26Z,31.05,completed
12380,594,2023-11-09T09:51:14Z,67.0,completed
13070,534,2023-11-09T11:19:27Z,87.51,completed
11677,224,2023-11-09T12:08:45Z,36.49,completed
11030,439,2023-11-09T13:16:43Z,42.44,completed
10150,823,2023-11-09T13:33:31Z,75.77,returned
10686,463,2023-11-09T13:54:09Z,31.94,completed
10349,260,2023-11-09T14:25:54Z,66.63,pending
10318,258,2023-11-09T15:08:59Z,155.26,completed
12051,102,2023-11-09T15:46:25Z,25.88,completed
13141,767,2023-11-09T16:10:42Z,82.49,completed
12541,120,2023-11-09T16:29:56Z,30.07,completed
10416,850,2023-11-09T17:47:11Z,38.17,pending
12290,845,2023-11-09T18:01:04Z,67.68,completed
12906,520,2023-11-09T18:42:07Z,75.23,completed
10355,323,2023-11-09T19:27:07Z,40.7,cancelled
11489,179,2023-11-09T20:40:38Z,42.64,completed
11135,605,2023-11-10T08:10:42Z,58.27,completed
10777,705,2023-11-10T08:28:40Z,58.57,returned
10748,634,2023-11-10T08:52:09Z,134.87,completed
10182,127,2023-11-10T09:31:15Z,49.94,completed
11859,713,2023-11-10T09:33:02Z,33.16,completed
11331,876,2023-11-10T09:41:54Z,73.98,cancelled
10711,885,2023-11-10T12:30:15Z,38.02,completed
10316,810,2023-11-10T12:43:03Z,122.51,completed
11449,308,2023-11-10T14:24:42Z,38.01,completed
12819,710,2023-11-10T16:24:28Z,26.49,returned
10337,944,2023-11-10T16:52:28Z,20.05,completed
10363,166,2023-11-10T17:22:13Z,55.39,completed
12017,424,2023-11-10T19:46:42Z,17.14,completed
10658,112,2023-11-10T20:04:38Z,110.93,completed
10865,785,2023-11-11T08:11:33Z,36.99,completed
10421,576,2023-11-11T08:33:50Z,83.49,completed
10872,932,2023-11-11T10:42:52Z,97.47,pending
10656,733,2023-11-11T13:23:11Z,-27.59,completed
11195,232,2023-11-11T14:29:26Z,36.66,completed
10252,215,2023-11-11T16:09:44Z,154.97,completed
11730,876,2023-11-11T16:22:37Z,14.94,completed
11407,708,2023-11-11T16:49:07Z,28.82,completed
13349,111,2023-11-11T18:39:43Z,212.89,completed
12086,423,2023-11-11T18:50:56Z,125.77,completed
11066,480,2023-11-11T20:12:30Z,192.61,completed
12745,717,2023-11-11T20:25:25Z,71.84,returned
12220,256,2023-11-12T05:49:30Z,129.98,completed
13278,917,2023-11-12T07:18:04Z,51.66,completed
12997,144,2023-11-12T09:44:09Z,35.25,completed
10965,160,2023-11-12T09:56:14Z,38.15,completed
12349,212,2023-11-12T10:39:33Z,41.65,completed
13064,684,2023-11-12T11:05:03Z,69.37,completed
13238,717,2023-11-12T12:58:49Z,27.29,completed
10532,407,2023-11-12T15:17:58Z,50.78,completed
12912,404,2023-11-12T16:20:43Z,114.66,returned
12618,127,2023-11-12T16:37:58Z,28.28,completed
12618,127,2023-11-12T16:40:19Z,28.28,completed
13341,256,2023-11-12T17:00:12Z,62.74,completed
13341,256,2023-11-12T17:00:12Z,62.74,pending
12148,190,2023-11-12T17:06:07Z,168.61,completed
12482,685,2023-11-12T17:13:13Z,53.62,completed
10822,194,2023-11-12T17:34:08Z,43.9,completed
10455,503,2023-11-12T19:32:11Z,44.83,completed
11996,256,2023-11-12T20:34:23Z,39.5,completed
12538,633,2023-11-12T21:03:40Z,38.08,completed
10990,705,2023-11-12T21:20:38Z,34.81,completed
11468,615,2023-11-12T22:46:35Z,64.76,pending
10640,367,2023-11-13T09:42:30Z,69.35,completed
11311,407,2023-11-13T11:38:36Z,115.47,completed
13418,333,2023-11-13T12:10:24Z,37.61,completed
11655,241,2023-11-13T13:04:45Z,146.45,completed
10474,307,2023-11-13T13:40:47Z,38.49,completed
13451,806,2023-11-13T13:41:38Z,27.45,completed
11292,283,2023-11-13T16:12:23Z,49.52,completed
13460,323,2023-11-13T17:01:07Z,45.56,completed
11144,620,2023-11-13T18:59:54Z,67.26,completed
10382,819,2023-11-13T20:46:03Z,117.89,completed
11122,816,2023-11-13T23:38:00Z,125.95,completed
12269,661,2023-11-14T00:17:40Z,47.02,completed
11316,47,2023-11-14T07:44:27Z,33.98,completed
10405,229,2023-11-14T12:43:23Z,130.17,completed
11309,721,2023-11-14T13:12:35Z,85.61,completed
12838,762,2023-11-14T14:17:19Z,50.53,cancelled
12159,747,2023-11-14T14:31:09Z,67.69,completed
10188,127,2023-11-14T14:31:41Z,92.24,completed
12171,767,2023-11-14T14:37:39Z,68.34,completed
12341,437,2023-11-14T15:24:17Z,38.88,completed
13375,420,2023-11-14T17:11:38Z,49.38,completed
10869,52,2023-11-14T17:20:34Z,77.27,returned
12824,313,2023-11-14T17:55:49Z,48.51,returned
11080,396,2023-11-14T18:27:01Z,23.13,cancelled
11417,903,2023-11-14T18:36:27Z,25.77,pending
11393,520,2023-11-14T19:09:38Z,10.0,completed
10243,80,2023-11-14T19:49:45Z,34.26,returned
10958,588,2023-11-14T22:23:57Z,144.94,completed
13272,828,2023-11-15T00:57:02Z,85.59,completed
12555,321,2023-11-15T03:02:01Z,137.54,pending
10909,648,2023-11-15T09:42:53Z,59.16,completed
12743,750,2023-11-15T10:07:18Z,62.95,completed
13423,747,2023-11-15T12:53:17Z,31.23,completed
13320,511,2023-11-15T15:46:48Z,91.35,completed
11772,246,2023-11-15T16:53:26Z,38.99,completed
11762,436,2023-11-15T17:59:00Z,32.55,completed
11727,471,2023-11-15T18:29:35Z,269.72,completed
10447,898,2023-11-15T20:16:46Z,58.89,cancelled
12593,359,2023-11-15T20:39:03Z,42.18,completed
10127,78,2023-11-15T22:40:50Z,84.12,completed
12293,756,2023-11-16T08:01:28Z,202.47,completed
12711,71,2023-11-16T14:14:32Z,78.37,pending
10580,948,2023-11-16T16:14:53Z,84.61,cancelled
11707,819,2023-11-16T17:01:32Z,25.67,completed
11746,690,2023-11-16T17:36:21Z,82.2,completed
12944,372,2023-11-16T17:42:27Z,39.76,completed
11578,194,2023-11-16T18:18:06Z,29.61,pending
10755,250,2023-11-17T02:44:48Z,34.87,completed
11801,819,2023-11-17T07:09:19Z,158.41,completed
11986,884,2023-11-17T09:03:47Z,51.24,completed
13231,258,2023-11-17T10:11:00Z,53.67,completed
12692,932,2023-11-17T10:31:42Z,22.46,completed
10971,165,2023-11-17T10:58:31Z,132.61,completed
13438,256,2023-11-17T11:23:04Z,49.0,completed
12594,333,2023-11-17T11:51:29Z,38.87,completed
11511,900,2023-11-17T12:01:03Z,34.19,completed
11843,731,2023-11-17T12:09:15Z,38.72,completed
10900,436,2023-11-17T13:20:13Z,97.41,pending
11729,821,2023-11-17T13:45:39Z,39.45,completed
10783,13,2023-11-17T13:58:52Z,35.4,completed
11251,751,2023-11-17T15:06:45Z,82.44,returned
10501,471,2023-11-17T15:52:52Z,63.42,completed
10599,651,2023-11-17T16:24:14Z,77.2,completed
12519,24,2023-11-17T17:28:15Z,56.34,pending
12480,437,2023-11-17T18:25:28Z,40.37,completed
11798,108,2023-11-17T20:10:47Z,52.16,completed
11055,691,2023-11-17T20:20:52Z,17.02,completed
11288,764,2023-11-17T20:21:03Z,76.93,completed
13213,571,2023-11-17T20:28:30Z,43.72,completed
10278,772,2023-11-18T08:33:07Z,128.62,completed
12931,516,2023-11-18T08:48:22Z,68.87,completed
11205,832,2023-11-18T09:41:45Z,52.21,completed
11987,241,2023-11-18T09:54:14Z,93.1,completed
12422,654,2023-11-18T10:06:49Z,107.86,cancelled
10116,244,2023-11-18T10:22:30Z,139.02,completed
12590,668,2023-11-18T13:13:50Z,26.95,completed
11442,433,2023-11-18T13:34:46Z,51.26,completed
13435,705,2023-11-18T16:33:10Z,159.18,completed
12178,419,2023-11-18T17:58:42Z,61.34,completed
12528,190,2023-11-18T18:08:03Z,62.26,completed
10635,25,2023-11-18T18:35:52Z,72.88,completed
11153,514,2023-11-18T19:23:25Z,28.32,completed
11783,511,2023-11-18T19:55:49Z,49.45,completed
10372,256,2023-11-18T20:14:20Z,32.72,completed
10280,158,2023-11-18T21:37:59Z,17.66,completed
12957,621,2023-11-18T23:35:25Z,72.62,completed
11427,944,2023-11-19T04:41:49Z,39.72,pending
11208,109,2023-11-19T07:42:29Z,44.71,completed
10184,40,2023-11-19T08:39:11Z,68.19,completed
11100,514,2023-11-19T08:54:48Z,36.39,completed
13389,76,2023-11-19T09:06:40Z,64.52,completed
10913,854,2023-11-19T09:06:44Z,57.72,pending
11002,130,2023-11-19T09:08:53Z,69.56,completed
10495,890,2023-11-19T09:34:36Z,76.33,completed
12867,480,2023-11-19T09:40:35Z,59.9,completed
10129,600,2023-11-19T10:12:05Z,59.63,completed
11660,390,2023-11-19T12:22:13Z,44.03,pending
10410,571,2023-11-19T13:36:28Z,29.4,completed
10960,737,2023-11-19T14:04:19Z,97.31,completed
13144,247,2023-11-19T14:08:29Z,75.62,completed
11074,615,2023-11-19T15:06:35Z,40.65,completed
11737,417,2023-11-19T17:20:06Z,56.4,completed
12032,722,2023-11-19T17:47:25Z,91.42,pending
12690,753,2023-11-19T19:03:10Z,109.49,returned
12454,353,2023-11-19T20:06:59Z,31.08,completed
10340,609,2023-11-19T20:16:43Z,57.73,completed
12769,436,2023-11-19T20:49:51Z,23.39,completed
12769,436,2023-11-19T20:52:21Z,23.39,completed
12968,31,2023-11-19T20:54:12Z,71.06,completed
10829,2,2023-11-19T21:17:08Z,46.16,completed
10978,496,2023-11-19T21:24:02Z,36.98,completed
12746,730,2023-11-19T21:24:22Z,40.15,completed
12298,762,2023-11-19T23:28:39Z,90.02,completed
10536,45,2023-11-20T01:22:01Z,62.2,completed
10879,516,2023-11-20T09:39:59Z,35.3,completed
13075,121,2023-11-20T09:44:23Z,27.75,completed
11759,467,2023-11-20T10:15:24Z,73.69,completed
10312,900,2023-11-20T11:21:30Z,45.92,completed
10059,763,2023-11-20T11:26:42Z,44.16,completed
10332,244,2023-11-20T13:23:21Z,78.65,pending
12693,788,2023-11-20T13:33:53Z,31.25,completed
11481,371,2023-11-20T14:11:01Z,35.52,completed
10524,112,2023-11-20T14:51:49Z,98.79,completed
10687,256,2023-11-20T15:54:07Z,26.87,completed
10460,845,2023-11-20T16:03:34Z,29.33,cancelled
11981,323,2023-11-20T16:06:07Z,68.38,completed
12529,207,2023-11-20T16:39:33Z,25.4,completed
13197,823,2023-11-20T16:49:27Z,36.0,returned
10496,628,2023-11-20T16:59:04Z,30.04,completed
12308,23,2023-11-20T18:34:20Z,84.18,completed
12526,358,2023-11-20T18:36:32Z,15.7,pending
10287,816,2023-11-20T19:00:17Z,59.62,completed
12327,102,2023-11-20T19:04:52Z,51.41,returned
11201,195,2023-11-20T19:53:48Z,85.74,completed
11547,685,2023-11-20T21:04:51Z,57.12,completed
12790,651,2023-11-20T21:18:55Z,39.83,completed
11064,371,2023-11-20T21:38:33Z,112.07,completed
10818,952,2023-11-20T21:40:11Z,72.84,completed
13246,93,2023-11-20T22:39:44Z,48.48,completed
12588,435,2023-11-21T05:25:05Z,50.94,completed
10500,510,2023-11-21T07:06:22Z,81.29,completed
10841,685,2023-11-21T08:53:43Z,24.83,completed
12581,810,2023-11-21T09:00:50Z,111.51,returned
12855,148,2023-11-21T09:07:19Z,34.03,completed
12811,213,2023-11-21T09:43:06Z,185.83,pending
12301,833,2023-11-21T10:17:21Z,31.94,cancelled
12546,658,2023-11-21T15:20:28Z,109.3,completed
12118,823,2023-11-21T16:20:26Z,31.42,completed
12762,175,2023-11-21T17:35:02Z,-46.43,completed
10791,206,2023-11-21T17:36:03Z,28.96,pending
10065,246,2023-11-21T18:04:43Z,57.22,completed
11112,757,2023-11-21T18:57:27Z,78.38,pending
11521,633,2023-11-21T19:05:05Z,59.05,completed
11355,722,2023-11-21T20:42:22Z,116.14,returned
11117,746,2023-11-22T07:23:20Z,31.09,completed
10892,931,2023-11-22T07:59:34Z,92.9,completed
13211,935,2023-11-22T10:56:20Z,30.35,completed
11067,722,2023-11-22T11:14:55Z,57.32,completed
11899,371,2023-11-22T12:01:14Z,52.42,completed
11664,459,2023-11-22T12:55:53Z,34.03,pending
10781,766,2023-11-22T13:59:06Z,193.05,completed
12304,588,2023-11-22T13:59:37Z,70.19,completed
10457,419,2023-11-22T14:34:49Z,87.83,completed
12656,938,2023-11-22T14:55:49Z,55.71,completed
11624,236,2023-11-22T15:32:35Z,61.88,completed
10702,361,2023-11-22T17:00:24Z,14.76,completed
10615,528,2023-11-22T17:29:43Z,77.32,completed
12450,938,2023-11-22T17:53:56Z,52.78,completed
10083,936,2023-11-22T20:08:41Z,61.28,completed
11856,260,2023-11-23T00:53:31Z,57.24,completed
12057,244,2023-11-23T07:54:08Z,102.1,completed
10331,408,2023-11-23T08:14:43Z,65.43,completed
13276,304,2023-11-23T08:54:45Z,147.86,completed
12003,913,2023-11-23T11:36:23Z,140.22,completed
12003,913,2023-11-23T11:40:46Z,140.22,completed
13256,498,2023-11-23T13:46:57Z,138.21,completed
11863,162,2023-11-23T13:50:42Z,61.52,completed
12222,960,2023-11-23T14:02:22Z,83.66,completed
12027,222,2023-11-23T16:21:48Z,74.18,completed
11641,767,2023-11-23T18:31:12Z,130.69,pending
12289,395,2023-11-23T19:22:53Z,22.75,completed
10983,201,2023-11-23T21:13:14Z,157.56,completed
10283,374,2023-11-23T21:29:03Z,28.16,completed
12155,237,2023-11-24T07:21:03Z,141.2,completed
12539,913,2023-11-24T11:19:49Z,35.76,completed
12096,152,2023-11-24T14:14:53Z,94.55,returned
12987,200,2023-11-24T15:06:49Z,72.53,cancelled
12385,204,2023-11-24T15:55:16Z,18.56,completed
13407,956,2023-11-24T16:02:30Z,34.06,completed
12413,905,2023-11-24T16:05:00Z,109.77,completed
10736,651,2023-11-24T17:10:35Z,143.55,completed
12971,692,2023-11-24T18:32:59Z,29.62,completed
13115,713,2023-11-24T19:56:00Z,143.04,completed
11199,893,2023-11-24T20:13:42Z,192.35,completed
10856,281,2023-11-24T20:35:27Z,47.96,completed
10924,45,2023-11-24T21:25:18Z,30.71,returned
10624,767,2023-11-24T23:41:54Z,75.55,completed
10709,717,2023-11-25T03:17:44Z,25.77,completed
11755,938,2023-11-25T06:39:33Z,21.42,completed
13032,25,2023-11-25T08:21:27Z,86.51,completed
10438,127,2023-11-25T08:26:47Z,43.68,completed
13028,355,2023-11-25T08:27:57Z,184.11,completed
10339,278,2023-11-25T10:15:01Z,91.08,completed
13305,287,2023-11-25T10:16:55Z,50.41,returned
13421,836,2023-11-25T11:06:30Z,27.02,completed
10863,400,2023-11-25T11:29:06Z,33.87,completed
10173,467,2023-11-25T12:06:54Z,16.55,completed
12804,78,2023-11-25T12:37:12Z,33.32,completed
12665,661,2023-11-25T13:08:29Z,68.87,completed
12973,347,2023-11-25T13:12:09Z,122.33,completed
10320,806,2023-11-25T13:12:55Z,67.51,completed
13394,543,2023-11-25T13:59:50Z,131.05,completed
12445,576,2023-11-25T14:01:03Z,62.38,completed
12580,20,2023-11-25T14:23:05Z,36.35,completed
12580,20,2023-11-25T14:23:05Z,0.0,cancelled
10642,258,2023-11-25T16:38:14Z,84.12,pending
10189,400,2023-11-25T16:44:09Z,75.62,completed
12643,473,2023-11-25T16:56:52Z,78.42,completed
11180,45,2023-11-25T17:14:18Z,58.82,completed
12628,230,2023-11-25T17:24:41Z,19.6,completed
11301,283,2023-11-25T18:04:25Z,29.03,completed
13083,407,2023-11-25T18:10:32Z,34.84,completed
10477,258,2023-11-26T08:50:02Z,35.2,completed
13372,764,2023-11-26T09:57:54Z,179.28,completed
11163,675,2023-11-26T10:08:59Z,212.67,completed
10185,806,2023-11-26T11:47:35Z,40.94,completed
12654,459,2023-11-26T12:37:19Z,76.85,completed
12902,535,2023-11-26T12:47:00Z,42.2,returned
12612,437,2023-11-26T16:05:58Z,85.49,pending
10955,319,2023-11-26T16:40:51Z,50.6,completed
11490,512,2023-11-26T17:18:49Z,89.82,completed
13416,371,2023-11-26T17:32:58Z,50.02,completed
10181,304,2023-11-26T17:59:59Z,136.99,completed
13239,720,2023-11-26T19:07:35Z,34.08,cancelled
12813,932,2023-11-26T19:09:21Z,51.51,completed
12013,275,2023-11-26T19:53:49Z,67.58,completed
10374,543,2023-11-26T19:57:17Z,93.12,completed
11828,936,2023-11-26T20:07:18Z,27.79,completed
11888,633,2023-11-26T21:25:56Z,60.16,pending
10341,810,2023-11-26T22:15:53Z,21.7,completed
10970,543,2023-11-26T22:49:42Z,134.53,completed
10650,119,2023-11-27T00:48:39Z,20.52,completed
13054,236,2023-11-27T01:26:34Z,66.34,completed
10214,355,2023-11-27T08:41:29Z,22.99,cancelled
13248,241,2023-11-27T09:13:29Z,70.48,completed
13464,684,2023-11-27T09:55:08Z,57.36,completed
11289,165,2023-11-27T10:21:19Z,131.25,completed
11702,713,2023-11-27T10:50:50Z,36.57,completed
12244,296,2023-11-27T11:44:08Z,96.88,completed
11531,285,2023-11-27T12:43:25Z,37.41,completed
12100,77,2023-11-27T14:02:59Z,88.59,completed
13328,886,2023-11-27T15:04:28Z,74.9,completed
10375,333,2023-11-27T15:52:35Z,81.83,completed
12621,171,2023-11-27T18:08:34Z,21.02,completed
11866,785,2023-11-27T18:45:01Z,30.14,cancelled
10282,938,2023-11-27T20:59:08Z,71.7,completed
13225,40,2023-11-28T10:22:38Z,27.49,completed
13045,557,2023-11-28T10:39:50Z,34.74,completed
12311,258,2023-11-28T10:46:23Z,55.13,completed
12577,193,2023-11-28T11:38:35Z,27.53,completed
13027,804,2023-11-28T11:58:51Z,18.53,pending
10346,342,2023-11-28T13:02:25Z,32.88,cancelled
13103,17,2023-11-28T13:13:41Z,69.16,completed
10816,459,2023-11-28T13:59:45Z,34.06,pending
10548,408,2023-11-28T14:37:25Z,89.85,completed
11728,466,2023-11-28T14:42:38Z,41.82,completed
12404,149,2023-11-28T15:05:59Z,39.85,completed
10467,278,2023-11-28T16:22:56Z,28.98,completed
13166,624,2023-11-28T16:44:09Z,39.71,pending
10844,353,2023-11-28T17:07:35Z,36.03,completed
13100,235,2023-11-28T17:27:07Z,37.55,completed
12789,589,2023-11-28T17:45:28Z,50.17,completed
10679,787,2023-11-28T18:31:36Z,94.03,returned
11518,461,2023-11-28T18:36:07Z,18.27,completed
12662,23,2023-11-28T18:39:15Z,24.73,completed
13048,278,2023-11-28T18:46:45Z,99.39,completed
12402,307,2023-11-28T20:24:53Z,47.99,completed
12533,598,2023-11-28T21:45:42Z,31.88,returned
10628,512,2023-11-28T21:54:07Z,74.42,completed
13127,532,2023-11-29T05:20:37Z,98.86,completed
10177,746,2023-11-29T05:48:37Z,156.32,completed
12214,62,2023-11-29T07:33:17Z,75.7,completed
11818,813,2023-11-29T07:56:33Z,70.89,completed
13077,704,2023-11-29T08:40:44Z,43.75,completed
12207,471,2023-11-29T09:05:52Z,29.48,completed
13324,143,2023-11-29T09:51:50Z,72.47,completed
12950,10,2023-11-29T10:07:08Z,25.52,completed
12440,195,2023-11-29T12:59:16Z,29.9,completed
10552,492,2023-11-29T13:01:25Z,134.98,completed
12863,651,2023-11-29T13:29:03Z,60.26,returned
11614,338,2023-11-29T15:05:24Z,67.45,completed
11621,254,2023-11-29T16:12:47Z,57.7,completed
11554,466,2023-11-29T16:26:15Z,72.85,completed
13281,436,2023-11-29T16:46:03Z,76.05,completed
10902,466,2023-11-29T17:45:26Z,54.95,returned
10695,338,2023-11-29T18:05:26Z,37.29,cancelled
10861,787,2023-11-29T19:09:38Z,38.93,cancelled
12557,609,2023-11-29T19:10:46Z,96.72,cancelled
12817,222,2023-11-29T20:27:17Z,195.55,completed
10070,609,2023-11-29T20:54:29Z,10.0,completed
10831,544,2023-11-29T20:57:59Z,16.14,completed
11965,244,2023-11-29T21:04:40Z,91.52,completed
13080,401,2023-11-29T21:41:59Z,54.88,completed
11893,870,2023-11-30T08:29:17Z,132.62,completed
11573,433,2023-11-30T10:44:39Z,16.11,completed
10029,9047,2023-11-30T12:08:44Z,28.88,completed
10434,411,2023-11-30T12:22:39Z,75.4,returned
12110,874,2023-11-30T12:27:47Z,76.74,completed
11348,790,2023-11-30T13:03:34Z,24.43,completed
12238,954,2023-11-30T13:09:35Z,26.67,completed
11680,726,2023-11-30T13:17:22Z,85.15,completed
12540,762,2023-11-30T13:30:54Z,111.05,completed
11850,149,2023-11-30T15:24:28Z,113.82,returned
11042,319,2023-11-30T15:26:22Z,42.91,completed
12777,512,2023-11-30T16:40:12Z,34.25,completed
12302,119,2023-11-30T16:49:03Z,65.41,pending
11050,102,2023-11-30T17:28:57Z,70.32,completed
10396,308,2023-11-30T18:34:58Z,76.79,completed
10588,627,2023-11-30T19:12:57Z,44.23,completed
11384,658,2023-11-30T19:48:57Z,50.37,completed
11160,641,2023-11-30T20:50:13Z,49.06,completed
12050,820,2023-11-30T21:10:30Z,31.6,completed
11096,454,2023-11-30T22:08:19Z,52.34,completed
12343,500,2023-12-01T06:27:49Z,138.05,completed
12160,244,2023-12-01T08:02:05Z,46.66,completed
12659,71,2023-12-01T10:07:22Z,96.02,completed
10079,884,2023-12-01T10:54:35Z,20.87,cancelled
11313,763,2023-12-01T12:43:36Z,44.96,completed
10459,646,2023-12-01T13:03:26Z,86.34,pending
11526,820,2023-12-01T16:32:22Z,23.01,completed
12318,50,2023-12-01T16:59:36Z,27.44,completed
10315,278,2023-12-01T18:23:24Z,119.79,completed
12408,447,2023-12-01T18:29:59Z,31.62,completed
12704,648,2023-12-01T18:54:35Z,23.87,completed
12625,137,2023-12-01T19:17:06Z,61.34,completed
11286,431,2023-12-01T19:44:37Z,47.04,completed
11296,787,2023-12-01T20:15:03Z,60.96,completed
10771,600,2023-12-01T20:59:03Z,43.46,completed
11351,706,2023-12-01T21:10:43Z,105.32,completed
11000,304,2023-12-01T23:50:19Z,10.8,completed
10235,789,2023-12-02T07:48:21Z,10.0,completed
10388,323,2023-12-02T08:26:29Z,33.9,completed
13092,507,2023-12-02T09:52:05Z,31.85,completed
10798,200,2023-12-02T10:24:07Z,33.16,completed
13325,13,2023-12-02T10:43:27Z,42.5,completed
12780,836,2023-12-02T11:02:53Z,37.76,completed
11388,431,2023-12-02T11:49:27Z,84.22,pending
12356,108,2023-12-02T12:27:12Z,50.64,completed
10808,737,2023-12-02T12:35:22Z,80.41,completed
11994,938,2023-12-02T15:03:32Z,111.56,returned
12668,56,2023-12-02T17:51:14Z,43.58,completed
10767,144,2023-12-02T18:04:32Z,77.88,completed
12821,236,2023-12-02T18:15:08Z,116.58,completed
11793,859,2023-12-02T18:39:54Z,159.58,completed
12960,288,2023-12-02T18:43:37Z,27.68,completed
11913,143,2023-12-02T19:43:41Z,25.68,completed
12803,772,2023-12-02T20:22:55Z,59.65,pending
13051,542,2023-12-02T21:25:10Z,88.05,completed
12377,646,2023-12-02T21:26:29Z,63.2,completed
11821,693,2023-12-02T23:10:18Z,102.62,completed
12268,165,2023-12-03T00:13:37Z,124.0,completed
13113,503,2023-12-03T07:16:02Z,112.08,completed
11414,50,2023-12-03T08:15:46Z,38.3,completed
10788,846,2023-12-03T08:59:30Z,75.71,completed
11972,589,2023-12-03T10:28:49Z,34.34,completed
10762,838,2023-12-03T10:47:57Z,31.1,completed
12688,685,2023-12-03T10:51:24Z,70.03,completed
10446,358,2023-12-03T11:16:39Z,41.71,returned
12068,544,2023-12-03T11:22:05Z,26.85,completed
10068,545,2023-12-03T11:30:49Z,81.53,completed
12108,718,2023-12-03T11:31:57Z,41.72,completed
11402,200,2023-12-03T12:56:16Z,47.57,completed
11980,208,2023-12-03T13:22:59Z,41.09,completed
12396,648,2023-12-03T13:39:42Z,35.24,completed
10101,704,2023-12-03T13:57:54Z,35.29,completed
12398,690,2023-12-03T14:01:43Z,45.9,returned
12398,690,2023-12-03T14:01:43Z,52.78,returned
11566,266,2023-12-03T14:12:13Z,183.32,pending
10666,531,2023-12-03T14:52:49Z,35.16,completed
12515,836,2023-12-03T14:59:44Z,50.92,completed
11735,880,2023-12-03T15:15:22Z,273.57,completed
11582,600,2023-12-03T15:32:26Z,209.18,completed
11461,944,2023-12-03T15:40:50Z,117.92,completed
10466,848,2023-12-03T16:37:28Z,81.65,returned
11718,223,2023-12-03T17:03:55Z,135.38,completed
12059,929,2023-12-03T17:36:43Z,84.72,completed
13025,347,2023-12-03T18:55:03Z,253.74,completed
10577,258,2023-12-03T19:27:08Z,88.46,completed
12733,810,2023-12-03T22:53:07Z,61.54,completed
11967,919,2023-12-03T22:56:56Z,65.49,cancelled
13232,63,2023-12-04T01:16:06Z,85.85,completed
12468,782,2023-12-04T05:44:51Z,36.96,completed
11298,348,2023-12-04T07:35:45Z,54.52,completed
12124,520,2023-12-04T09:15:56Z,113.19,completed
12370,476,2023-12-04T10:34:33Z,41.25,completed
11662,513,2023-12-04T11:33:38Z,114.26,completed
12610,683,2023-12-04T12:18:38Z,48.58,pending
10236,454,2023-12-04T13:19:14Z,53.53,completed
11577,293,2023-12-04T14:57:29Z,88.31,completed
10298,514,2023-12-04T14:59:40Z,26.47,completed
10682,816,2023-12-04T15:07:44Z,41.26,completed
12818,787,2023-12-04T15:32:20Z,92.12,completed
11083,71,2023-12-04T15:33:31Z,22.11,returned
13023,417,2023-12-04T16:43:08Z,63.17,completed
11632,307,2023-12-04T16:58:52Z,37.7,completed
11649,27,2023-12-04T18:44:05Z,31.36,completed
10158,532,2023-12-04T18:49:46Z,47.59,pending
13227,507,2023-12-04T20:12:38Z,74.74,completed
11751,960,2023-12-04T20:49:10Z,88.2,completed
12448,846,2023-12-05T03:01:43Z,67.49,completed
10575,811,2023-12-05T03:56:24Z,39.27,returned
10923,877,2023-12-05T04:43:44Z,215.51,completed
12551,338,2023-12-05T08:00:24Z,63.85,completed
10895,746,2023-12-05T08:12:06Z,174.53,completed
11845,521,2023-12-05T09:26:25Z,44.96,completed
11314,241,2023-12-05T10:40:16Z,84.31,pending
10751,656,2023-12-05T11:06:06Z,34.63,completed
10206,817,2023-12-05T11:40:39Z,73.55,completed
12815,23,2023-12-05T11:44:13Z,16.41,completed
11874,691,2023-12-05T11:56:55Z,16.09,returned
10295,529,2023-12-05T12:43:35Z,102.05,returned
10630,891,2023-12-05T14:23:37Z,69.07,completed
12888,938,2023-12-05T14:45:48Z,47.33,completed
12281,766,2023-12-05T14:59:04Z,46.14,completed
11709,57,2023-12-05T15:59:19Z,15.52,completed
12295,726,2023-12-05T18:11:41Z,23.35,completed
10545,846,2023-12-05T20:06:33Z,34.31,pending
10919,811,2023-12-05T20:40:17Z,67.01,completed
10668,241,2023-12-05T21:30:56Z,105.0,cancelled
11305,811,2023-12-05T23:06:20Z,94.72,completed
10269,319,2023-12-06T02:22:57Z,63.25,completed
10114,11,2023-12-06T03:14:01Z,64.82,completed
11179,939,2023-12-06T08:04:57Z,61.8,completed
12023,272,2023-12-06T08:42:35Z,32.63,pending
12750,443,2023-12-06T09:47:22Z,223.3,completed
11591,367,2023-12-06T10:53:33Z,52.2,pending
11065,766,2023-12-06T12:16:39Z,66.46,completed
10633,691,2023-12-06T12:37:56Z,44.16,completed
12644,415,2023-12-06T14:02:25Z,38.79,completed
13126,710,2023-12-06T14:27:24Z,64.25,pending
13178,658,2023-12-06T14:31:46Z,35.49,completed
10055,562,2023-12-06T15:25:03Z,169.08,completed
12484,691,2023-12-06T16:13:39Z,36.6,completed
12291,766,2023-12-06T16:23:33Z,79.59,cancelled
11651,341,2023-12-06T17:24:43Z,57.53,completed
12969,12,2023-12-06T17:24:59Z,78.56,completed
10759,239,2023-12-06T18:49:18Z,51.87,completed
11022,498,2023-12-06T19:20:26Z,116.93,completed
13230,804,2023-12-06T19:28:47Z,14.59,completed
11617,742,2023-12-06T19:40:12Z,198.59,completed
10207,443,2023-12-06T20:09:54Z,36.89,completed
10889,713,2023-12-06T20:51:54Z,112.96,returned
12566,305,2023-12-07T04:24:22Z,35.37,completed
12072,460,2023-12-07T06:23:29Z,50.8,completed
13251,81,2023-12-07T08:57:57Z,153.85,completed
10303,576,2023-12-07T09:17:19Z,88.77,completed
10344,717,2023-12-07T12:40:48Z,0.0,completed
12786,521,2023-12-07T12:52:39Z,60.93,pending
11940,239,2023-12-07T13:28:30Z,79.05,completed
11961,450,2023-12-07T13:46:28Z,59.17,completed
12173,249,2023-12-07T13:57:37Z,56.09,completed
11520,652,2023-12-07T16:04:07Z,31.64,completed
12477,328,2023-12-07T16:11:48Z,89.34,completed
11596,561,2023-12-07T17:32:29Z,26.69,completed
13152,498,2023-12-07T17:38:38Z,74.44,completed
12737,528,2023-12-07T18:19:06Z,195.42,completed
12735,89,2023-12-07T19:18:55Z,20.64,completed
11045,792,2023-12-07T21:04:26Z,42.8,completed
11955,547,2023-12-07T21:55:20Z,85.15,pending
12168,948,2023-12-07T22:03:05Z,62.44,completed
11589,374,2023-12-07T22:21:16Z,136.47,completed
11016,771,2023-12-08T07:18:57Z,54.85,completed
13120,789,2023-12-08T09:24:44Z,52.77,completed
12141,144,2023-12-08T09:47:17Z,25.53,pending
13186,17,2023-12-08T10:38:28Z,165.74,completed
10901,27,2023-12-08T11:23:20Z,49.29,completed
11956,428,2023-12-08T11:48:18Z,71.87,completed
12917,788,2023-12-08T12:06:52Z,155.73,pending
11263,320,2023-12-08T13:11:22Z,34.55,completed
11479,222,2023-12-08T15:24:25Z,33.3,completed
12802,805,2023-12-08T15:43:22Z,66.39,completed
12121,718,2023-12-08T15:43:35Z,40.55,completed
10805,638,2023-12-08T16:58:38Z,97.06,completed
13444,627,2023-12-08T17:10:16Z,69.51,completed
11052,453,2023-12-08T17:12:09Z,139.46,completed
13347,25,2023-12-08T17:18:55Z,28.88,completed
11360,713,2023-12-08T18:03:12Z,51.13,returned
12278,288,2023-12-08T18:33:32Z,102.28,completed
10211,423,2023-12-08T19:04:34Z,61.11,completed
13348,638,2023-12-08T19:30:18Z,76.6,cancelled
12791,30,2023-12-08T21:22:24Z,132.2,completed
12990,543,2023-12-09T00:56:09Z,51.62,completed
11500,247,2023-12-09T04:27:05Z,88.45,completed
12420,71,2023-12-09T05:37:19Z,53.51,completed
11769,944,2023-12-09T05:47:06Z,59.37,completed
13427,436,2023-12-09T07:08:11Z,166.19,completed
10725,162,2023-12-09T09:33:26Z,30.06,completed
10440,394,2023-12-09T09:43:50Z,35.28,completed
13303,918,2023-12-09T10:15:18Z,81.95,returned
13148,839,2023-12-09T10:31:55Z,42.18,completed
13268,278,2023-12-09T10:52:43Z,57.09,returned
12684,578,2023-12-09T11:17:50Z,78.42,completed
10825,645,2023-12-09T11:35:01Z,30.0,completed
12980,544,2023-12-09T12:19:15Z,141.77,completed
13046,839,2023-12-09T12:30:30Z,121.98,returned
10519,396,2023-12-09T12:58:58Z,70.18,completed
11464,45,2023-12-09T12:59:32Z,119.68,completed
13299,929,2023-12-09T14:48:20Z,49.16,completed
12075,179,2023-12-09T14:56:22Z,45.36,completed
13124,782,2023-12-09T16:54:06Z,169.62,pending
13343,551,2023-12-09T17:19:35Z,36.78,completed
12113,787,2023-12-09T18:02:14Z,19.06,completed
13319,42,2023-12-09T18:49:09Z,11.58,pending
12986,158,2023-12-09T19:06:55Z,85.05,completed
10976,210,2023-12-09T19:38:31Z,10.4,completed
12262,63,2023-12-09T19:45:26Z,84.56,completed
10887,307,2023-12-09T20:01:30Z,52.57,completed
11672,929,2023-12-09T21:11:46Z,39.17,pending
11607,460,2023-12-09T22:13:39Z,21.56,completed
11506,567,2023-12-10T04:38:53Z,22.06,cancelled
12009,437,2023-12-10T06:05:39Z,64.21,completed
11631,913,2023-12-10T06:33:42Z,54.11,completed
10345,577,2023-12-10T07:40:26Z,79.55,completed
12469,338,2023-12-10T09:20:27Z,13.9,completed
11485,873,2023-12-10T10:04:46Z,76.24,completed
12330,333,2023-12-10T10:25:28Z,190.81,completed
12499,635,2023-12-10T10:53:54Z,44.78,completed
10752,302,2023-12-10T11:10:54Z,32.15,cancelled
10229,655,2023-12-10T12:21:14Z,52.76,completed
11020,431,2023-12-10T13:26:11Z,20.89,completed
11419,400,2023-12-10T13:44:16Z,48.54,completed
11858,439,2023-12-10T14:29:25Z,67.93,completed
10842,873,2023-12-10T14:37:26Z,70.71,completed
11734,162,2023-12-10T14:49:22Z,27.93,pending
11778,237,2023-12-10T15:01:15Z,42.5,completed
12962,439,2023-12-10T15:52:32Z,87.34,completed
12927,893,2023-12-10T15:59:12Z,12.53,completed
11613,621,2023-12-10T16:11:12Z,39.9,completed
12489,771,2023-12-10T16:37:15Z,17.54,completed
10174,761,2023-12-10T16:46:02Z,119.91,completed
11382,545,2023-12-10T16:46:55Z,77.12,completed
10251,951,2023-12-10T17:07:41Z,43.1,completed
12886,443,2023-12-10T18:30:43Z,29.58,completed
11736,538,2023-12-10T18:55:18Z,74.65,completed
13084,567,2023-12-10T19:34:32Z,89.07,completed
10766,175,2023-12-10T19:41:55Z,57.32,completed
10364,823,2023-12-10T20:05:37Z,152.73,completed
10205,796,2023-12-10T20:21:19Z,46.88,completed
10393,165,2023-12-10T20:41:32Z,35.82,completed
10192,132,2023-12-10T23:16:06Z,41.53,cancelled
12645,544,2023-12-11T04:38:19Z,97.99,completed
10124,28,2023-12-11T06:05:45Z,92.05,completed
12161,544,2023-12-11T07:45:46Z,73.99,pending
13417,42,2023-12-11T08:18:32Z,208.17,returned
12617,447,2023-12-11T09:47:38Z,82.27,completed
11141,428,2023-12-11T10:38:39Z,48.41,completed
13179,692,2023-12-11T14:03:20Z,93.24,completed
10670,935,2023-12-11T14:58:40Z,198.1,completed
11041,435,2023-12-11T16:26:16Z,104.32,pending
13157,498,2023-12-11T16:35:26Z,75.76,completed
11101,304,2023-12-11T17:59:22Z,81.34,completed
10821,142,2023-12-11T19:30:46Z,167.92,completed
13220,27,2023-12-11T19:49:16Z,83.26,completed
10551,312,2023-12-11T21:15:54Z,29.86,completed
12139,932,2023-12-11T21:29:47Z,56.59,completed
10948,919,2023-12-11T22:33:11Z,81.99,completed
12843,471,2023-12-11T23:24:24Z,21.31,completed
10819,260,2023-12-12T07:27:08Z,62.29,completed
11503,317,2023-12-12T09:28:15Z,76.29,completed
13119,341,2023-12-12T09:50:41Z,31.9,completed
10903,859,2023-12-12T11:51:11Z,73.48,completed
10800,792,2023-12-12T12:43:44Z,43.93,completed
13443,371,2023-12-12T13:48:32Z,98.42,completed
10690,754,2023-12-12T13:50:13Z,21.92,completed
10838,675,2023-12-12T15:43:12Z,116.56,completed
12653,305,2023-12-12T16:28:07Z,44.09,completed
12870,325,2023-12-12T17:08:37Z,26.49,completed
13378,943,2023-12-12T17:12:08Z,53.15,completed
10539,317,2023-12-12T17:13:29Z,97.18,completed
12306,431,2023-12-12T18:48:32Z,25.32,completed
11324,461,2023-12-12T19:02:07Z,27.37,completed
10384,797,2023-12-12T19:20:14Z,41.01,completed
12312,782,2023-12-12T20:16:58Z,71.41,returned
11332,142,2023-12-12T21:15:08Z,34.49,completed
12579,532,2023-12-12T21:30:37Z,40.14,completed
12524,436,2023-12-13T01:46:11Z,10.0,completed
11861,529,2023-12-13T03:05:49Z,32.53,completed
10547,910,2023-12-13T07:07:51Z,216.07,completed
11231,713,2023-12-13T07:42:09Z,31.33,completed
13011,929,2023-12-13T08:34:11Z,31.69,completed
10894,543,2023-12-13T08:50:13Z,37.98,completed
11951,805,2023-12-13T09:00:38Z,121.76,completed
10448,258,2023-12-13T12:02:08Z,95.18,completed
12400,443,2023-12-13T12:02:51Z,-11.35,completed
11693,754,2023-12-13T12:18:41Z,43.19,completed
11300,805,2023-12-13T12:58:07Z,36.48,completed
11628,320,2023-12-13T13:57:17Z,30.8,completed
11424,925,2023-12-13T13:57:39Z,78.21,completed
11982,678,2023-12-13T14:36:31Z,99.84,completed
11371,761,2023-12-13T14:43:12Z,76.74,completed
10567,653,2023-12-13T15:10:38Z,28.47,cancelled
11840,914,2023-12-13T16:00:57Z,46.04,completed
10529,592,2023-12-13T17:17:57Z,48.22,completed
10443,287,2023-12-13T17:26:40Z,51.79,completed
10608,175,2023-12-13T17:41:35Z,70.15,completed
11139,543,2023-12-13T18:45:01Z,60.24,completed
10849,453,2023-12-13T19:12:24Z,39.54,completed
10622,239,2023-12-13T20:35:54Z,89.25,pending
10773,496,2023-12-13T21:24:15Z,29.05,completed
12810,272,2023-12-13T22:02:50Z,94.06,completed
13456,532,2023-12-13T22:12:02Z,88.64,completed
11661,107,2023-12-13T23:10:54Z,72.27,completed
11812,674,2023-12-14T05:21:03Z,10.0,completed
10657,487,2023-12-14T07:38:46Z,51.89,completed
10987,319,2023-12-14T08:07:43Z,36.62,completed
10704,783,2023-12-14T08:24:32Z,67.89,pending
13138,811,2023-12-14T09:47:48Z,98.97,cancelled
10081,339,2023-12-14T10:04:51Z,69.01,completed
11134,798,2023-12-14T10:35:19Z,35.23,completed
11214,297,2023-12-14T11:11:52Z,45.66,pending
11586,855,2023-12-14T13:08:03Z,73.08,completed
11786,291,2023-12-14T13:11:18Z,47.5,completed
11034,308,2023-12-14T14:14:21Z,56.69,completed
11218,551,2023-12-14T14:39:05Z,78.6,completed
11849,451,2023-12-14T16:39:32Z,49.82,completed
10130,718,2023-12-14T17:16:14Z,82.27,pending
13410,838,2023-12-14T17:44:30Z,20.17,pending
12465,328,2023-12-14T18:34:26Z,38.74,completed
12800,428,2023-12-14T18:35:06Z,43.21,cancelled
11015,910,2023-12-14T18:49:57Z,44.27,completed
11696,50,2023-12-14T19:06:23Z,105.69,completed
13243,655,2023-12-14T19:18:54Z,98.56,completed
13065,900,2023-12-14T20:08:56Z,61.27,completed
10406,356,2023-12-14T20:28:14Z,139.18,completed
12846,394,2023-12-14T20:56:08Z,36.33,completed
10549,196,2023-12-14T21:16:05Z,160.81,completed
10648,615,2023-12-14T21:52:06Z,50.29,completed
11082,180,2023-12-15T01:00:53Z,42.03,completed
13059,859,2023-12-15T06:51:54Z,88.73,completed
11060,278,2023-12-15T06:56:54Z,67.29,completed
10123,571,2023-12-15T07:46:49Z,29.01,completed
10193,387,2023-12-15T08:49:24Z,36.94,completed
12759,109,2023-12-15T09:12:18Z,52.56,pending
12253,498,2023-12-15T09:19:19Z,105.6,pending
11267,674,2023-12-15T09:55:49Z,111.86,completed
13105,142,2023-12-15T10:09:24Z,45.17,completed
12365,587,2023-12-15T10:28:41Z,37.72,completed
10716,692,2023-12-15T10:56:24Z,68.85,completed
12241,874,2023-12-15T10:56:46Z,38.11,completed
10327,873,2023-12-15T11:51:58Z,109.7,completed
10155,196,2023-12-15T15:10:53Z,56.42,completed
11973,354,2023-12-15T15:35:37Z,21.58,completed
12474,700,2023-12-15T16:46:50Z,67.41,returned
11910,823,2023-12-15T17:49:10Z,75.17,completed
12774,184,2023-12-15T18:10:35Z,29.66,completed
11345,512,2023-12-15T18:27:34Z,35.12,completed
10848,674,2023-12-15T19:49:09Z,194.52,completed
10291,42,2023-12-15T19:59:27Z,26.71,completed
13195,341,2023-12-15T20:09:05Z,40.94,completed
13109,256,2023-12-15T20:25:16Z,72.76,completed
10941,208,2023-12-15T21:03:15Z,71.04,completed
12020,938,2023-12-15T21:53:14Z,32.05,completed
13137,224,2023-12-15T22:53:52Z,43.19,completed
11875,317,2023-12-16T06:43:34Z,50.36,completed
12317,859,2023-12-16T07:46:38Z,74.71,completed
10790,161,2023-12-16T08:04:49Z,67.25,completed
11776,180,2023-12-16T08:06:33Z,35.93,completed
10817,457,2023-12-16T08:19:54Z,89.19,completed
11486,248,2023-12-16T08:46:55Z,21.77,completed
11947,340,2023-12-16T08:49:18Z,17.49,completed
12576,242,2023-12-16T09:32:33Z,54.32,completed
12284,107,2023-12-16T09:33:43Z,178.47,completed
12698,291,2023-12-16T09:43:09Z,143.57,returned
10108,189,2023-12-16T09:44:10Z,57.9,completed
11517,502,2023-12-16T09:56:02Z,42.65,completed
10806,457,2023-12-16T11:06:39Z,79.19,completed
12387,198,2023-12-16T12:41:21Z,68.28,completed
10383,891,2023-12-16T12:56:33Z,135.35,completed
11916,529,2023-12-16T13:03:24Z,59.75,completed
11931,203,2023-12-16T13:10:53Z,15.17,completed
10954,386,2023-12-16T13:13:34Z,95.1,completed
10107,258,2023-12-16T13:44:48Z,150.53,completed
11027,789,2023-12-16T14:06:26Z,76.99,completed
11777,699,2023-12-16T14:51:23Z,71.42,completed
10779,628,2023-12-16T14:51:53Z,59.95,completed
10115,936,2023-12-16T18:38:47Z,67.37,completed
12572,89,2023-12-16T21:29:26Z,111.83,completed
13073,562,2023-12-17T00:41:44Z,101.22,completed
11247,732,2023-12-17T05:32:50Z,18.01,completed
13033,541,2023-12-17T06:03:30Z,50.1,completed
11890,939,2023-12-17T07:28:15Z,36.45,completed
11771,764,2023-12-17T07:37:53Z,106.54,returned
13102,482,2023-12-17T07:41:46Z,38.05,completed
10691,188,2023-12-17T08:14:10Z,268.88,completed
10612,549,2023-12-17T08:31:05Z,41.12,pending
10264,127,2023-12-17T08:53:45Z,55.83,completed
11988,946,2023-12-17T09:43:15Z,188.49,completed
10558,266,2023-12-17T10:05:58Z,67.67,returned
11686,319,2023-12-17T10:07:58Z,44.96,completed
11686,319,2023-12-17T10:07:58Z,44.96,pending
12627,498,2023-12-17T10:29:03Z,37.51,completed
11421,333,2023-12-17T11:05:17Z,36.04,completed
10837,925,2023-12-17T11:40:57Z,60.09,completed
12609,652,2023-12-17T11:54:51Z,15.63,completed
11741,871,2023-12-17T11:59:11Z,92.04,completed
11115,317,2023-12-17T12:43:21Z,33.68,cancelled
10576,565,2023-12-17T13:38:00Z,57.14,completed
11452,339,2023-12-17T14:01:46Z,50.62,completed
11177,934,2023-12-17T14:20:03Z,97.17,completed
13352,578,2023-12-17T14:49:18Z,51.54,completed
12934,407,2023-12-17T15:30:03Z,118.15,completed
10481,838,2023-12-17T16:15:10Z,35.41,completed
10824,562,2023-12-17T16:56:10Z,59.22,completed
10385,387,2023-12-17T17:56:36Z,108.37,completed
11123,960,2023-12-17T18:31:13Z,140.69,completed
11488,691,2023-12-17T18:41:14Z,53.56,completed
12462,50,2023-12-17T19:13:31Z,54.67,completed
10301,824,2023-12-17T20:08:16Z,79.9,completed
12286,538,2023-12-17T20:23:23Z,14.4,completed
10163,873,2023-12-17T21:23:57Z,35.34,completed
11924,696,2023-12-17T21:39:54Z,111.49,completed
12328,879,2023-12-17T22:23:11Z,67.58,completed
11121,180,2023-12-17T22:33:51Z,42.24,returned
11552,63,2023-12-17T22:48:05Z,40.64,completed
11634,573,2023-12-18T05:19:38Z,34.89,completed
10632,394,2023-12-18T08:15:01Z,80.73,completed
10544,674,2023-12-18T09:15:21Z,67.45,completed
13445,521,2023-12-18T09:31:20Z,20.59,completed
10149,306,2023-12-18T09:46:38Z,52.9,completed
13267,674,2023-12-18T10:27:17Z,69.75,completed
12492,919,2023-12-18T10:41:43Z,38.36,completed
12492,919,2023-12-18T10:41:43Z,38.36,pending
11057,307,2023-12-18T11:17:52Z,93.99,pending
12194,652,2023-12-18T11:57:23Z,48.46,completed
12194,652,2023-12-18T11:57:23Z,48.46,pending
12223,551,2023-12-18T12:03:40Z,29.96,returned
12739,790,2023-12-18T12:43:01Z,84.5,completed
13368,107,2023-12-18T12:46:09Z,69.77,returned
11584,339,2023-12-18T13:26:18Z,58.07,completed
12417,85,2023-12-18T13:45:28Z,33.08,completed
10810,520,2023-12-18T15:42:50Z,19.32,completed
10553,902,2023-12-18T16:10:20Z,24.66,completed
11528,570,2023-12-18T16:14:15Z,78.09,pending
10563,453,2023-12-18T16:48:58Z,103.72,completed
13237,749,2023-12-18T16:56:16Z,77.55,completed
13169,404,2023-12-18T17:30:13Z,85.88,completed
13332,735,2023-12-18T18:10:27Z,71.24,completed
10587,339,2023-12-18T18:20:57Z,35.82,completed
11626,286,2023-12-18T18:25:29Z,55.71,completed
11400,948,2023-12-18T18:46:23Z,33.3,completed
12198,196,2023-12-18T19:35:09Z,89.8,completed
12679,242,2023-12-18T19:36:39Z,57.75,completed
11006,541,2023-12-18T19:36:44Z,56.19,pending
11836,819,2023-12-18T20:47:42Z,111.29,completed
13399,919,2023-12-18T20:53:45Z,120.14,completed
10992,754,2023-12-18T22:13:55Z,61.33,completed
10951,249,2023-12-18T23:02:51Z,122.34,completed
10944,824,2023-12-19T05:04:01Z,109.54,completed
12661,406,2023-12-19T05:33:19Z,26.07,completed
10451,374,2023-12-19T05:52:26Z,23.56,completed
11228,862,2023-12-19T09:55:02Z,25.0,completed
10688,132,2023-12-19T09:59:22Z,110.42,completed
10688,132,2023-12-19T09:59:22Z,110.42,pending
10845,659,2023-12-19T10:20:46Z,17.75,completed
12536,304,2023-12-19T12:16:40Z,71.64,completed
10307,30,2023-12-19T12:18:56Z,88.3,completed
10625,162,2023-12-19T13:00:12Z,31.18,completed
11753,328,2023-12-19T13:08:50Z,163.38,cancelled
10739,325,2023-12-19T14:17:16Z,271.11,completed
10596,593,2023-12-19T14:18:29Z,31.79,completed
11984,793,2023-12-19T15:07:20Z,29.84,completed
12348,823,2023-12-19T15:36:47Z,131.66,completed
13432,899,2023-12-19T16:44:23Z,64.26,completed
13403,798,2023-12-19T16:57:56Z,79.63,completed
11346,386,2023-12-19T17:14:40Z,33.21,pending
11679,249,2023-12-19T18:43:21Z,10.0,completed
11953,628,2023-12-19T18:46:58Z,54.14,completed
13379,201,2023-12-19T19:01:00Z,98.58,completed
12090,913,2023-12-19T20:16:44Z,35.84,pending
10064,551,2023-12-19T20:27:03Z,25.04,pending
10940,287,2023-12-19T20:28:37Z,85.35,completed
10138,946,2023-12-19T20:43:42Z,47.59,returned
10464,420,2023-12-19T21:29:01Z,51.29,pending
10380,862,2023-12-19T23:05:53Z,450.0,completed
11907,218,2023-12-19T23:10:00Z,166.23,completed
10820,290,2023-12-19T23:40:04Z,158.07,completed
11656,431,2023-12-20T05:39:19Z,63.91,completed
12233,137,2023-12-20T06:31:45Z,26.81,completed
11319,473,2023-12-20T06:41:59Z,159.28,pending
11904,431,2023-12-20T08:00:48Z,0.0,completed
11904,431,2023-12-20T08:00:48Z,0.0,cancelled
12585,143,2023-12-20T08:13:21Z,76.12,completed
12085,738,2023-12-20T08:25:16Z,71.1,returned
11342,612,2023-12-20T09:30:25Z,90.5,completed
12019,256,2023-12-20T09:32:20Z,62.31,completed
11616,276,2023-12-20T09:54:47Z,64.6,pending
12208,23,2023-12-20T10:05:54Z,90.14,completed
11194,490,2023-12-20T10:12:24Z,58.8,completed
11276,339,2023-12-20T10:44:38Z,25.07,completed
11365,720,2023-12-20T10:46:55Z,86.93,completed
11938,38,2023-12-20T11:20:04Z,125.35,completed
11245,415,2023-12-20T12:12:57Z,18.8,completed
11008,488,2023-12-20T12:20:44Z,71.35,completed
10240,114,2023-12-20T12:26:35Z,33.02,completed
11854,349,2023-12-20T12:32:46Z,23.08,completed
11701,245,2023-12-20T13:17:09Z,75.85,returned
10397,732,2023-12-20T13:46:51Z,52.09,completed
12599,341,2023-12-20T14:58:11Z,211.84,completed
11262,873,2023-12-20T14:59:16Z,34.49,completed
11575,587,2023-12-20T15:20:29Z,83.08,completed
12136,809,2023-12-20T16:18:33Z,16.92,returned
11496,855,2023-12-20T16:37:56Z,29.23,returned
12948,732,2023-12-20T16:57:01Z,108.57,completed
11268,212,2023-12-20T18:29:33Z,34.34,returned
13255,85,2023-12-20T18:47:20Z,39.2,completed
12954,15,2023-12-20T19:13:30Z,65.14,completed
10407,203,2023-12-20T20:08:12Z,39.43,completed
10227,873,2023-12-20T21:01:58Z,70.47,cancelled
12251,793,2023-12-20T21:15:00Z,38.96,returned
10226,339,2023-12-20T21:32:51Z,217.94,pending
13038,458,2023-12-20T22:41:57Z,24.11,completed
10358,885,2023-12-20T22:43:08Z,53.5,completed
10432,180,2023-12-21T01:32:49Z,45.65,completed
13321,25,2023-12-21T05:14:33Z,31.83,returned
11422,696,2023-12-21T06:14:19Z,53.61,completed
11202,482,2023-12-21T08:00:46Z,36.66,cancelled
12196,549,2023-12-21T09:15:20Z,45.14,completed
13210,436,2023-12-21T10:11:57Z,30.42,completed
12065,166,2023-12-21T10:15:46Z,68.52,pending
11898,3,2023-12-21T10:35:46Z,70.55,completed
13240,776,2023-12-21T11:32:33Z,42.71,completed
12443,904,2023-12-21T11:32:48Z,50.47,completed
10893,624,2023-12-21T11:43:28Z,25.04,pending
11007,210,2023-12-21T11:54:07Z,86.99,completed
11748,754,2023-12-21T11:54:45Z,21.08,completed
10187,96,2023-12-21T12:11:29Z,28.8,completed
10804,341,2023-12-21T12:29:32Z,173.11,completed
11700,275,2023-12-21T12:31:51Z,41.83,completed
10917,218,2023-12-21T13:02:24Z,51.21,completed
10061,766,2023-12-21T13:19:14Z,40.59,pending
12681,746,2023-12-21T13:26:56Z,123.1,completed
12216,737,2023-12-21T13:41:36Z,88.44,completed
12461,578,2023-12-21T14:19:01Z,49.18,completed
12657,149,2023-12-21T14:43:24Z,24.79,completed
11157,771,2023-12-21T17:11:58Z,55.75,completed
11534,674,2023-12-21T18:04:17Z,36.73,returned
10260,940,2023-12-21T18:47:36Z,67.38,completed
12254,643,2023-12-21T19:10:23Z,23.21,completed
13350,555,2023-12-21T19:19:54Z,76.85,completed
13335,144,2023-12-21T19:32:13Z,32.65,completed
10099,575,2023-12-21T19:35:35Z,59.56,completed
13222,490,2023-12-21T19:47:27Z,96.47,completed
12180,645,2023-12-21T20:51:22Z,27.59,pending
12919,458,2023-12-21T23:10:20Z,53.65,completed
10428,575,2023-12-22T03:56:13Z,58.05,completed
10060,290,2023-12-22T05:04:23Z,43.24,completed
13254,693,2023-12-22T05:39:52Z,42.05,completed
12641,726,2023-12-22T08:20:14Z,65.5,completed
12164,63,2023-12-22T08:28:56Z,49.82,completed
10197,642,2023-12-22T08:48:41Z,74.88,completed
10857,943,2023-12-22T09:18:53Z,31.1,completed
10096,56,2023-12-22T09:31:43Z,43.78,completed
11209,776,2023-12-22T09:57:06Z,55.77,completed
12337,386,2023-12-22T10:27:54Z,33.57,completed
10765,776,2023-12-22T11:16:06Z,46.85,completed
12388,570,2023-12-22T11:33:48Z,61.82,pending
11609,642,2023-12-22T11:36:46Z,94.31,completed
10521,633,2023-12-22T11:36:47Z,54.38,completed
10518,833,2023-12-22T11:49:43Z,67.56,completed
12131,522,2023-12-22T11:54:21Z,30.27,completed
10514,567,2023-12-22T12:38:21Z,35.21,completed
10200,404,2023-12-22T13:22:54Z,104.08,completed
12675,787,2023-12-22T13:27:36Z,61.05,completed
11409,223,2023-12-22T13:29:34Z,18.07,completed
10671,137,2023-12-22T13:51:36Z,288.44,completed
10530,159,2023-12-22T14:36:31Z,51.7,completed
10605,672,2023-12-22T14:52:32Z,63.2,completed
12176,415,2023-12-22T14:54:18Z,74.77,completed
12246,196,2023-12-22T15:20:36Z,35.49,completed
11917,600,2023-12-22T16:19:42Z,39.07,pending
10403,498,2023-12-22T16:39:41Z,17.95,completed
11240,304,2023-12-22T17:52:19Z,48.14,completed
13000,182,2023-12-22T17:55:07Z,30.47,completed
13363,223,2023-12-22T18:07:57Z,47.43,completed
12647,642,2023-12-22T18:47:25Z,127.43,completed
10600,249,2023-12-22T18:48:12Z,102.53,completed
10394,154,2023-12-22T19:25:49Z,61.3,returned
10897,921,2023-12-22T19:30:01Z,77.53,completed
12179,88,2023-12-22T20:30:18Z,57.56,completed
12703,698,2023-12-22T21:08:47Z,22.21,completed
12267,859,2023-12-22T22:46:36Z,18.65,pending
12372,643,2023-12-23T01:44:08Z,45.28,returned
12436,416,2023-12-23T05:01:23Z,39.28,completed
12848,154,2023-12-23T06:32:15Z,113.25,completed
11010,659,2023-12-23T06:33:08Z,28.26,completed
11253,833,2023-12-23T08:08:36Z,40.28,completed
12357,521,2023-12-23T08:22:45Z,60.63,cancelled
12368,828,2023-12-23T08:41:41Z,114.65,completed
10215,939,2023-12-23T08:57:27Z,14.01,pending
12079,631,2023-12-23T08:59:06Z,52.47,completed
11090,222,2023-12-23T09:13:07Z,30.89,completed
11048,339,2023-12-23T09:48:59Z,47.48,pending
11181,562,2023-12-23T10:07:34Z,56.35,cancelled
10531,188,2023-12-23T10:37:08Z,15.8,completed
12887,272,2023-12-23T10:43:52Z,51.75,completed
11046,825,2023-12-23T10:49:53Z,67.71,completed
10151,709,2023-12-23T10:59:58Z,45.33,cancelled
11571,698,2023-12-23T11:39:46Z,120.8,completed
11277,144,2023-12-23T12:11:27Z,31.78,pending
12699,461,2023-12-23T12:24:12Z,92.06,returned
12491,218,2023-12-23T12:24:41Z,46.56,completed
11061,893,2023-12-23T12:40:29Z,20.38,completed
11983,790,2023-12-23T12:47:15Z,202.21,completed
10672,789,2023-12-23T13:24:12Z,57.5,completed
13192,725,2023-12-23T13:26:38Z,144.0,completed
11389,742,2023-12-23T13:32:46Z,65.2,completed
12071,208,2023-12-23T14:10:37Z,101.01,completed
13002,736,2023-12-23T14:22:18Z,78.01,completed
12237,545,2023-12-23T14:36:29Z,31.43,completed
10673,387,2023-12-23T15:24:47Z,110.93,completed
12696,182,2023-12-23T15:28:07Z,55.68,completed
11269,636,2023-12-23T15:58:31Z,98.47,completed
11794,482,2023-12-23T15:58:45Z,120.57,completed
12676,855,2023-12-23T16:22:54Z,66.92,completed
10439,162,2023-12-23T16:43:02Z,78.32,completed
11317,117,2023-12-23T16:51:03Z,72.42,completed
12077,725,2023-12-23T17:49:12Z,90.89,pending
11079,245,2023-12-23T17:52:45Z,45.12,completed
11193,820,2023-12-23T18:00:09Z,207.29,completed
11830,52,2023-12-23T18:38:35Z,43.34,completed
13110,356,2023-12-23T19:10:45Z,35.23,completed
11434,201,2023-12-23T19:16:14Z,48.57,completed
11819,810,2023-12-23T19:19:10Z,37.85,completed
12975,592,2023-12-23T19:30:04Z,40.9,completed
12977,16,2023-12-23T19:30:24Z,58.13,completed
10145,244,2023-12-23T19:53:43Z,45.98,completed
13242,573,2023-12-23T20:19:51Z,57.12,pending
11991,594,2023-12-23T20:20:39Z,18.97,completed
11271,852,2023-12-23T20:34:03Z,74.54,returned
12632,571,2023-12-23T20:48:57Z,51.09,completed
10090,761,2023-12-23T21:27:33Z,72.95,returned
10866,365,2023-12-23T21:58:34Z,45.43,completed
10220,69,2023-12-23T22:09:27Z,67.22,completed
11580,587,2023-12-23T22:25:40Z,133.1,completed
10095,565,2023-12-23T22:40:35Z,87.81,completed
10224,575,2023-12-24T02:35:49Z,88.83,pending
10379,306,2023-12-24T02:55:22Z,23.4,completed
12150,541,2023-12-24T03:28:07Z,12.33,completed
11780,825,2023-12-24T04:37:23Z,51.92,completed
11829,871,2023-12-24T07:48:54Z,101.16,cancelled
10228,914,2023-12-24T08:09:17Z,73.77,completed
10376,408,2023-12-24T08:29:36Z,276.94,completed
12718,718,2023-12-24T08:37:22Z,55.46,completed
12315,672,2023-12-24T09:52:54Z,108.16,completed
13168,191,2023-12-24T11:20:17Z,26.0,returned
12974,816,2023-12-24T11:24:56Z,27.92,pending
12158,825,2023-12-24T11:39:43Z,58.81,completed
13233,305,2023-12-24T11:52:26Z,38.59,returned
12437,88,2023-12-24T12:00:25Z,24.22,completed
12966,68,2023-12-24T12:06:01Z,35.21,completed
11018,458,2023-12-24T12:38:32Z,56.66,completed
12362,522,2023-12-24T12:39:48Z,49.1,cancelled
10815,336,2023-12-24T13:20:07Z,47.18,completed
11884,873,2023-12-24T13:20:48Z,36.97,completed
10641,876,2023-12-24T13:21:36Z,62.43,cancelled
11068,551,2023-12-24T13:52:16Z,61.73,completed
10166,247,2023-12-24T13:54:30Z,34.94,returned
12162,825,2023-12-24T13:56:03Z,73.93,completed
11527,54,2023-12-24T14:02:43Z,103.87,returned
13362,533,2023-12-24T14:23:05Z,10.0,completed
13326,238,2023-12-24T14:41:51Z,11.27,completed
11606,518,2023-12-24T14:48:50Z,16.82,completed
13449,631,2023-12-24T14:49:43Z,77.58,completed
11472,816,2023-12-24T14:56:48Z,66.86,completed
10086,674,2023-12-24T15:52:14Z,12.91,completed
11789,297,2023-12-24T16:07:45Z,28.99,completed
10110,690,2023-12-24T16:30:29Z,96.7,completed
11327,809,2023-12-24T16:41:00Z,36.44,completed
12015,391,2023-12-24T16:50:22Z,36.66,completed
10248,636,2023-12-24T16:55:29Z,54.63,completed
11243,940,2023-12-24T17:23:35Z,69.41,completed
10874,16,2023-12-24T17:23:52Z,49.61,completed
10874,16,2023-12-24T17:23:52Z,0.0,cancelled
11592,457,2023-12-24T17:32:31Z,32.71,completed
12972,488,2023-12-24T17:50:13Z,23.25,completed
12646,645,2023-12-24T18:36:03Z,37.49,completed
10359,538,2023-12-24T18:42:03Z,41.46,completed
11396,467,2023-12-24T19:28:01Z,37.25,completed
11310,290,2023-12-24T19:41:19Z,80.84,completed
13275,453,2023-12-24T19:42:08Z,45.75,completed
13245,288,2023-12-24T20:13:07Z,38.95,completed
12587,338,2023-12-24T20:27:18Z,27.29,completed
10926,377,2023-12-24T21:17:29Z,62.49,cancelled
11113,573,2023-12-24T21:26:28Z,57.8,completed
11804,736,2023-12-24T22:44:36Z,105.51,completed
13409,103,2023-12-25T06:10:20Z,42.89,completed
10469,143,2023-12-25T07:07:12Z,35.86,returned
13088,82,2023-12-25T08:16:26Z,55.46,completed
11120,107,2023-12-25T09:06:16Z,32.05,completed
12463,19,2023-12-25T10:10:04Z,51.52,completed
12549,696,2023-12-25T10:20:08Z,55.33,completed
11404,717,2023-12-25T10:58:58Z,33.69,completed
11627,532,2023-12-25T12:01:40Z,49.87,completed
12720,215,2023-12-25T12:02:25Z,55.39,completed
12333,262,2023-12-25T12:28:13Z,45.14,cancelled
11541,636,2023-12-25T12:36:07Z,68.27,pending
11274,63,2023-12-25T12:41:40Z,44.3,completed
10864,117,2023-12-25T13:25:51Z,22.15,completed
13201,317,2023-12-25T13:33:27Z,66.19,completed
11697,107,2023-12-25T14:56:46Z,57.44,completed
12893,407,2023-12-25T16:12:09Z,65.43,completed
11166,89,2023-12-25T16:22:55Z,32.69,completed
10775,811,2023-12-25T17:54:52Z,37.93,completed
11280,242,2023-12-25T18:00:46Z,119.34,completed
11280,242,2023-12-25T18:00:46Z,137.24,completed
10370,191,2023-12-25T18:12:51Z,25.37,completed
11519,103,2023-12-25T18:14:07Z,78.52,completed
11178,521,2023-12-25T18:26:55Z,28.14,completed
10937,701,2023-12-25T18:51:56Z,25.62,completed
12770,683,2023-12-25T19:01:20Z,42.83,completed
11092,290,2023-12-25T19:16:00Z,36.34,pending
10313,562,2023-12-25T19:26:54Z,146.67,completed
12605,215,2023-12-25T19:49:25Z,28.81,completed
13099,940,2023-12-25T19:53:54Z,113.19,completed
10395,749,2023-12-25T20:00:20Z,19.4,completed
10309,824,2023-12-25T20:04:01Z,65.3,completed
12767,25,2023-12-25T20:12:17Z,30.58,pending
12486,709,2023-12-25T20:37:34Z,55.66,completed
11615,387,2023-12-26T06:28:32Z,73.47,completed
11293,946,2023-12-26T06:59:34Z,95.65,returned
10277,593,2023-12-26T07:02:12Z,111.77,completed
12691,621,2023-12-26T08:03:10Z,113.54,pending
11358,245,2023-12-26T08:22:29Z,68.39,completed
11198,526,2023-12-26T08:31:08Z,79.11,completed
11694,725,2023-12-26T08:47:53Z,77.03,completed
11524,940,2023-12-26T09:19:33Z,89.57,completed
10398,718,2023-12-26T09:31:12Z,42.17,pending
10078,527,2023-12-26T11:21:15Z,53.49,completed
11732,317,2023-12-26T12:18:33Z,67.27,completed
10934,127,2023-12-26T13:02:48Z,112.83,completed
13235,269,2023-12-26T13:33:49Z,57.52,completed
12053,443,2023-12-26T13:44:44Z,183.82,completed
12772,674,2023-12-26T14:35:22Z,33.41,completed
10634,787,2023-12-26T15:22:13Z,28.2,completed
11197,347,2023-12-26T15:33:16Z,113.7,completed
12427,902,2023-12-26T16:10:54Z,27.07,pending
10875,824,2023-12-26T16:34:40Z,57.65,completed
12525,638,2023-12-26T17:00:08Z,116.09,pending
11674,69,2023-12-26T17:02:42Z,77.09,completed
12924,590,2023-12-26T17:04:50Z,119.39,completed
13203,578,2023-12-26T17:09:10Z,35.36,pending
12981,616,2023-12-26T18:39:32Z,45.97,completed
12978,61,2023-12-26T18:54:04Z,32.47,pending
12288,527,2023-12-26T19:08:39Z,65.33,completed
11430,222,2023-12-26T19:34:33Z,60.36,completed
10684,431,2023-12-26T20:50:06Z,31.92,completed
10426,249,2023-12-26T20:54:27Z,54.88,completed
11242,80,2023-12-26T21:17:26Z,85.53,completed
12126,937,2023-12-26T21:46:20Z,28.82,completed
12854,713,2023-12-26T21:47:43Z,41.45,completed
12534,852,2023-12-26T21:51:33Z,23.45,cancelled
10699,233,2023-12-26T21:58:43Z,33.62,cancelled
10133,370,2023-12-27T00:18:16Z,57.44,completed
10465,88,2023-12-27T01:48:22Z,103.96,completed
10066,867,2023-12-27T04:00:18Z,68.5,completed
12899,239,2023-12-27T07:09:53Z,53.38,completed
10999,511,2023-12-27T07:29:38Z,29.6,completed
10437,736,2023-12-27T08:09:35Z,15.23,completed
12061,132,2023-12-27T08:30:40Z,38.43,completed
11190,291,2023-12-27T09:11:24Z,29.44,returned
11712,867,2023-12-27T09:21:34Z,35.51,completed
13413,488,2023-12-27T09:28:36Z,84.66,completed
12894,388,2023-12-27T09:33:56Z,125.27,completed
10718,805,2023-12-27T10:10:50Z,251.94,completed
11516,805,2023-12-27T10:26:09Z,40.74,completed
11343,182,2023-12-27T10:33:39Z,31.95,completed
10156,940,2023-12-27T10:59:30Z,79.55,pending
13401,117,2023-12-27T12:24:16Z,-76.38,cancelled
11353,698,2023-12-27T13:11:48Z,66.94,completed
12900,518,2023-12-27T14:15:28Z,24.52,completed
12039,593,2023-12-27T15:24:40Z,34.34,completed
10319,107,2023-12-27T15:36:01Z,103.92,completed
11029,545,2023-12-27T16:40:00Z,45.66,completed
12845,507,2023-12-27T16:44:30Z,82.34,cancelled
12829,290,2023-12-27T16:46:52Z,88.45,completed
10241,642,2023-12-27T17:02:30Z,47.07,completed
11608,85,2023-12-27T17:32:25Z,126.56,completed
11608,85,2023-12-27T17:32:25Z,126.56,pending
12046,476,2023-12-27T17:48:57Z,44.21,returned
12965,852,2023-12-27T17:53:33Z,53.77,completed
12261,776,2023-12-27T18:05:03Z,46.42,completed
12638,458,2023-12-27T18:12:17Z,83.93,completed
10268,934,2023-12-27T18:18:08Z,78.82,completed
10794,946,2023-12-27T18:31:45Z,49.3,completed
11723,425,2023-12-27T18:35:08Z,40.82,completed
12527,611,2023-12-27T18:36:41Z,47.06,cancelled
11111,809,2023-12-27T18:39:01Z,67.87,completed
12868,223,2023-12-27T18:56:48Z,28.8,completed
10052,633,2023-12-27T19:24:20Z,36.46,returned
10135,804,2023-12-27T20:27:42Z,88.8,completed
13053,63,2023-12-27T20:36:56Z,23.06,completed
11170,117,2023-12-27T20:41:57Z,114.01,completed
11438,251,2023-12-27T20:46:29Z,78.61,completed
10328,79,2023-12-27T20:49:07Z,195.03,completed
11460,805,2023-12-27T20:52:08Z,58.21,completed
12953,644,2023-12-27T21:07:31Z,79.15,completed
10623,339,2023-12-27T21:13:54Z,34.39,completed
13128,61,2023-12-27T22:09:04Z,32.92,completed
11238,482,2023-12-27T22:31:16Z,29.55,completed
13322,839,2023-12-28T05:13:44Z,81.81,completed
11333,879,2023-12-28T06:02:22Z,71.61,returned
11212,581,2023-12-28T06:31:46Z,47.72,completed
11792,33,2023-12-28T07:55:58Z,102.32,cancelled
10322,636,2023-12-28T08:13:04Z,138.22,completed
13461,197,2023-12-28T08:17:45Z,69.32,completed
11213,290,2023-12-28T08:26:45Z,73.72,completed
12326,867,2023-12-28T08:51:21Z,38.42,completed
11344,696,2023-12-28T09:35:21Z,34.15,completed
10833,631,2023-12-28T10:14:03Z,40.61,completed
13415,499,2023-12-28T10:19:14Z,86.74,pending
12506,804,2023-12-28T10:19:58Z,79.91,completed
11682,867,2023-12-28T10:46:00Z,122.92,returned
10334,611,2023-12-28T11:19:01Z,84.38,completed
11252,732,2023-12-28T11:34:25Z,26.89,cancelled
11770,661,2023-12-28T11:42:12Z,52.37,cancelled
10335,98,2023-12-28T12:02:48Z,82.86,completed
11340,388,2023-12-28T12:16:08Z,69.61,completed
13140,908,2023-12-28T12:17:05Z,62.81,completed
12707,940,2023-12-28T12:48:46Z,38.05,completed
11239,581,2023-12-28T13:33:57Z,29.38,returned
12695,351,2023-12-28T13:49:27Z,17.95,completed
10573,157,2023-12-28T14:18:29Z,52.95,returned
13219,111,2023-12-28T14:22:34Z,176.53,completed
10538,847,2023-12-28T14:40:57Z,82.11,completed
11721,575,2023-12-28T15:36:18Z,19.71,completed
11487,709,2023-12-28T15:43:02Z,22.03,completed
11017,197,2023-12-28T16:28:48Z,49.73,returned
10265,374,2023-12-28T16:53:38Z,86.26,completed
11808,197,2023-12-28T17:31:00Z,-34.23,completed
13298,489,2023-12-28T17:33:31Z,97.35,completed
10417,249,2023-12-28T18:01:18Z,51.63,completed
11841,436,2023-12-28T18:17:55Z,30.07,completed
13330,221,2023-12-28T18:50:08Z,80.39,completed
12297,499,2023-12-28T18:55:14Z,31.98,completed
10968,425,2023-12-28T19:20:22Z,69.47,completed
12182,199,2023-12-28T19:27:04Z,92.98,completed
12862,71,2023-12-28T19:34:24Z,113.04,completed
10705,793,2023-12-28T20:16:32Z,23.62,completed
12567,368,2023-12-28T20:26:15Z,42.33,completed
12399,121,2023-12-28T20:41:34Z,23.43,cancelled
10485,166,2023-12-28T20:48:04Z,69.55,pending
11838,958,2023-12-28T20:50:35Z,52.42,completed
11279,53,2023-12-28T21:14:54Z,38.5,completed
13207,408,2023-12-28T21:15:17Z,73.4,completed
12011,805,2023-12-28T21:23:22Z,51.86,pending
11720,233,2023-12-28T21:54:31Z,43.94,completed
11233,603,2023-12-28T21:54:42Z,48.5,completed
12826,761,2023-12-28T21:59:09Z,25.67,completed
10053,466,2023-12-28T22:10:42Z,30.35,pending
13061,499,2023-12-28T22:13:37Z,127.44,completed
11024,641,2023-12-28T22:42:59Z,125.76,completed
12067,935,2023-12-28T22:57:56Z,78.45,returned
12740,847,2023-12-28T23:39:40Z,0.0,completed
11922,835,2023-12-29T06:10:54Z,104.42,completed
13170,587,2023-12-29T07:42:36Z,52.26,completed
10371,736,2023-12-29T07:51:49Z,28.46,completed
10198,199,2023-12-29T07:53:47Z,52.32,completed
11443,643,2023-12-29T07:58:02Z,155.15,completed
10852,642,2023-12-29T08:12:09Z,37.4,completed
11131,26,2023-12-29T08:30:20Z,60.81,completed
12382,365,2023-12-29T08:52:21Z,142.53,completed
10795,855,2023-12-29T08:52:52Z,19.25,completed
11978,533,2023-12-29T09:02:35Z,121.68,completed
12742,182,2023-12-29T09:24:58Z,63.12,completed
11816,87,2023-12-29T09:41:20Z,73.26,pending
11999,523,2023-12-29T09:44:22Z,39.55,returned
12796,176,2023-12-29T10:00:51Z,73.11,completed
11428,199,2023-12-29T10:50:04Z,58.07,completed
11136,507,2023-12-29T10:50:46Z,173.33,completed
11224,578,2023-12-29T10:52:47Z,47.03,cancelled
12951,212,2023-12-29T10:57:14Z,72.21,pending
10855,490,2023-12-29T11:55:11Z,28.17,completed
12490,619,2023-12-29T12:12:57Z,62.48,completed
11089,249,2023-12-29T12:47:34Z,51.62,completed
11610,446,2023-12-29T12:59:36Z,85.36,completed
13096,245,2023-12-29T13:09:32Z,30.12,completed
10168,749,2023-12-29T13:20:14Z,113.07,completed
13040,660,2023-12-29T13:29:14Z,91.31,completed
12285,660,2023-12-29T13:31:32Z,47.67,completed
12423,498,2023-12-29T13:45:34Z,35.4,completed
11809,87,2023-12-29T14:07:50Z,77.84,completed
12455,198,2023-12-29T14:18:10Z,42.22,completed
11669,809,2023-12-29T14:30:11Z,77.55,completed
13216,406,2023-12-29T14:48:51Z,49.02,completed
12683,260,2023-12-29T14:53:25Z,31.98,completed
10160,290,2023-12-29T15:06:48Z,73.9,completed
12007,268,2023-12-29T15:20:56Z,49.47,completed
12856,775,2023-12-29T15:54:30Z,21.25,completed
12066,182,2023-12-29T16:25:26Z,125.19,completed
12910,167,2023-12-29T16:26:37Z,80.64,completed
11750,581,2023-12-29T16:53:44Z,80.26,completed
10381,176,2023-12-29T17:02:48Z,18.49,completed
12391,503,2023-12-29T17:08:31Z,42.36,completed
12794,386,2023-12-29T17:13:20Z,98.83,completed
13043,533,2023-12-29T17:39:35Z,54.48,cancelled
10601,581,2023-12-29T17:45:19Z,139.69,completed
10571,229,2023-12-29T17:58:02Z,31.19,completed
10885,772,2023-12-29T18:05:15Z,145.97,completed
12418,98,2023-12-29T18:47:19Z,37.48,completed
10936,224,2023-12-29T18:58:07Z,40.2,completed
13249,904,2023-12-29T19:00:07Z,94.23,completed
10368,117,2023-12-29T19:07:57Z,31.27,completed
12697,805,2023-12-29T19:16:30Z,24.99,returned
12496,197,2023-12-29T19:18:37Z,48.93,completed
11822,180,2023-12-29T19:27:50Z,115.68,cancelled
10343,312,2023-12-29T19:31:13Z,101.53,completed
13424,322,2023-12-29T19:52:40Z,26.75,returned
11943,908,2023-12-29T20:20:02Z,32.73,completed
11397,836,2023-12-29T20:45:38Z,128.57,completed
12678,644,2023-12-29T21:04:07Z,51.93,completed
11441,549,2023-12-29T21:09:52Z,22.66,completed
12860,732,2023-12-29T23:23:49Z,53.35,completed
13123,493,2023-12-30T02:42:38Z,118.14,returned
13310,903,2023-12-30T04:01:53Z,58.03,returned
12840,351,2023-12-30T08:16:14Z,10.99,completed
10586,333,2023-12-30T08:28:40Z,15.38,completed
10741,507,2023-12-30T08:42:21Z,56.32,completed
10868,107,2023-12-30T08:43:00Z,32.36,completed
11543,616,2023-12-30T09:29:44Z,33.28,completed
12958,431,2023-12-30T09:40:35Z,81.15,completed
12781,494,2023-12-30T10:06:00Z,45.27,completed
12248,27,2023-12-30T10:07:01Z,73.14,completed
11619,562,2023-12-30T10:14:56Z,26.24,completed
10305,490,2023-12-30T10:18:26Z,16.45,completed
12105,291,2023-12-30T10:36:21Z,18.17,pending
10738,333,2023-12-30T10:38:04Z,117.27,completed
12554,16,2023-12-30T10:40:21Z,45.22,returned
13258,619,2023-12-30T10:48:04Z,36.46,completed
11176,268,2023-12-30T10:48:20Z,48.68,completed
13052,696,2023-12-30T11:22:03Z,29.88,completed
13131,630,2023-12-30T11:53:40Z,10.0,completed
12378,351,2023-12-30T12:09:48Z,80.08,pending
11339,273,2023-12-30T12:18:51Z,44.39,completed
11906,26,2023-12-30T12:31:41Z,66.85,completed
10527,371,2023-12-30T12:50:20Z,72.99,completed
12256,71,2023-12-30T13:05:50Z,60.89,completed
12336,26,2023-12-30T13:31:13Z,71.28,completed
10476,123,2023-12-30T14:13:41Z,86.81,completed
11926,660,2023-12-30T14:26:42Z,43.94,completed
10557,819,2023-12-30T14:37:12Z,82.9,cancelled
11725,108,2023-12-30T14:51:51Z,37.05,completed
11411,940,2023-12-30T15:27:00Z,40.43,completed
12726,482,2023-12-30T15:35:05Z,54.05,cancelled
12374,53,2023-12-30T15:50:15Z,63.15,completed
13447,618,2023-12-30T16:02:10Z,31.02,completed
10598,618,2023-12-30T16:17:54Z,80.99,completed
12626,372,2023-12-30T16:20:24Z,19.68,completed
13377,761,2023-12-30T16:39:54Z,22.46,completed
11731,725,2023-12-30T16:44:15Z,56.02,completed
12425,53,2023-12-30T16:55:49Z,206.64,completed
10111,940,2023-12-30T16:59:58Z,39.97,completed
13047,645,2023-12-30T17:07:22Z,55.62,completed
13130,638,2023-12-30T17:11:20Z,23.24,completed
12481,642,2023-12-30T17:18:56Z,86.1,completed
12712,636,2023-12-30T17:29:33Z,54.93,completed
12478,50,2023-12-30T17:36:23Z,31.68,completed
12305,53,2023-12-30T18:08:18Z,122.97,completed
10210,824,2023-12-30T18:21:01Z,69.35,completed
13111,273,2023-12-30T18:21:44Z,40.87,completed
12741,276,2023-12-30T18:23:18Z,68.84,completed
12038,631,2023-12-30T18:28:41Z,31.8,returned
11733,798,2023-12-30T18:32:40Z,64.41,completed
11107,533,2023-12-30T18:44:11Z,131.92,completed
10959,37,2023-12-30T18:46:20Z,33.69,completed
13367,394,2023-12-30T18:46:43Z,56.82,completed
11222,736,2023-12-30T18:52:14Z,55.38,cancelled
10523,87,2023-12-30T19:25:00Z,102.17,completed
12806,914,2023-12-30T20:10:11Z,38.49,completed
11341,489,2023-12-30T20:11:09Z,73.34,completed
12018,660,2023-12-30T20:25:46Z,34.29,completed
12983,406,2023-12-30T20:27:55Z,50.03,completed
12636,847,2023-12-30T20:41:18Z,38.34,completed
13208,533,2023-12-30T20:41:26Z,101.58,pending
10626,482,2023-12-30T20:44:49Z,183.81,completed
12116,611,2023-12-30T21:02:57Z,47.65,completed
10877,397,2023-12-30T21:37:18Z,29.5,completed
12532,157,2023-12-30T22:51:05Z,67.32,completed
11865,397,2023-12-30T22:51:19Z,45.4,completed
11237,416,2023-12-30T22:52:50Z,15.41,completed
10922,341,2023-12-30T22:57:08Z,51.05,completed
12722,425,2023-12-30T23:06:34Z,44.47,completed
11364,847,2023-12-31T00:34:46Z,40.46,completed
12195,611,2023-12-31T01:04:10Z,42.33,completed
10957,197,2023-12-31T05:43:36Z,43.83,completed
13037,523,2023-12-31T05:54:57Z,35.18,returned
12812,698,2023-12-31T06:41:17Z,32.58,completed
11690,351,2023-12-31T06:59:39Z,64.18,completed
12282,351,2023-12-31T07:25:29Z,108.44,cancelled
10125,581,2023-12-31T08:35:45Z,128.83,completed
10128,648,2023-12-31T08:39:14Z,89.18,completed
13198,388,2023-12-31T09:21:02Z,14.83,cancelled
11215,84,2023-12-31T09:38:02Z,43.15,completed
12123,686,2023-12-31T10:05:24Z,39.94,completed
10161,481,2023-12-31T10:17:37Z,40.32,completed
13405,951,2023-12-31T10:32:36Z,64.37,returned
12523,527,2023-12-31T10:43:09Z,38.48,completed
11005,618,2023-12-31T11:24:44Z,18.37,completed
10629,499,2023-12-31T11:25:50Z,46.44,completed
11457,469,2023-12-31T11:34:02Z,52.05,returned
12386,343,2023-12-31T11:59:58Z,100.94,completed
13039,273,2023-12-31T12:01:45Z,59.38,returned
12260,391,2023-12-31T12:11:09Z,65.84,completed
11823,397,2023-12-31T12:15:05Z,43.46,completed
10074,481,2023-12-31T12:27:11Z,27.43,completed
10178,672,2023-12-31T12:29:30Z,72.85,completed
13095,26,2023-12-31T12:38:27Z,120.42,pending
11056,388,2023-12-31T12:56:52Z,199.25,completed
11118,233,2023-12-31T13:11:07Z,189.28,completed
11278,7,2023-12-31T13:41:09Z,78.79,completed
11714,45,2023-12-31T13:42:43Z,82.48,completed
11714,45,2023-12-31T13:42:43Z,94.85,completed
10540,847,2023-12-31T13:43:24Z,80.07,completed
12272,920,2023-12-31T13:52:56Z,42.62,pending
10262,885,2023-12-31T14:18:02Z,40.16,completed
10854,114,2023-12-31T14:18:17Z,28.29,returned
11383,631,2023-12-31T14:33:03Z,89.86,completed
11234,618,2023-12-31T15:16:56Z,36.27,completed
11685,316,2023-12-31T15:49:47Z,112.71,completed
11832,648,2023-12-31T15:56:20Z,55.0,completed
13082,233,2023-12-31T15:57:03Z,32.03,completed
12604,65,2023-12-31T16:05:36Z,25.73,completed
11161,388,2023-12-31T16:06:57Z,54.44,completed
10513,561,2023-12-31T16:23:47Z,26.82,completed
11745,644,2023-12-31T16:35:27Z,53.22,completed
12076,847,2023-12-31T16:46:26Z,59.47,pending
11636,522,2023-12-31T16:51:41Z,59.38,completed
11851,575,2023-12-31T16:55:53Z,66.56,completed
13212,660,2023-12-31T17:02:59Z,139.69,completed
11069,698,2023-12-31T17:03:19Z,-66.98,completed
12430,481,2023-12-31T17:03:43Z,63.85,completed
10377,852,2023-12-31T17:30:06Z,23.44,completed
11788,53,2023-12-31T17:36:16Z,97.52,completed
10760,527,2023-12-31T17:48:34Z,102.74,completed
10882,775,2023-12-31T17:53:37Z,52.96,completed
13312,278,2023-12-31T18:09:31Z,52.14,completed
10506,847,2023-12-31T18:12:26Z,31.6,completed
10698,825,2023-12-31T18:47:15Z,35.05,completed
12167,425,2023-12-31T20:21:08Z,138.69,completed
12501,388,2023-12-31T20:23:12Z,52.08,pending
13346,397,2023-12-31T20:44:09Z,91.8,completed
10939,618,2023-12-31T21:17:59Z,15.41,completed
12073,199,2023-12-31T21:35:11Z,58.07,completed
12056,825,2023-12-31T21:59:11Z,138.72,completed
10991,182,2023-12-31T22:03:09Z,82.55,completed
10550,69,2023-12-31T22:27:23Z,90.48,completed
11902,499,2023-12-31T22:42:48Z,172.17,completed
13139,937,2023-12-31T23:12:58Z,0.0,completed
